stop_id,stop_name,buses_day,buses_am_peak,buses_pm_peak,routes_served,metro_dist_m,near_metro,mall_frontage,is_surveyed,affected
903502,Ibn Battuta Bus Station 2,1986,355,359,11,90.0,True,False,False,True
397501,Union Metro Bus Stop 2-1,1904,338,339,12,118.0,True,False,False,True
567502,Mall of the Emirates Bus Station 2,1610,286,292,8,59.0,True,True,False,True
954501,Equiti Metro Bus Stop Landside 1,1492,265,264,8,39.0,True,False,False,True
100024,Gold Souq Bus Station 24,1445,265,269,8,22.0,True,True,False,True
205101,Abu Baker Al Siddique Metro Bus Stop 1,1403,251,259,14,21.0,True,False,False,True
961502,Rashidiya Bus Station Gate 2,1366,246,251,9,96.0,True,False,False,True
472501,Baniyas Square Metro Bus Stop,1219,225,231,7,88.0,True,False,False,True
441501,Dubai Mall Metro Bus Stop Landside 1,1241,224,221,8,66.0,True,True,False,True
921101,Rashidiya Bus Station Parking (Non Stop),1133,223,220,12,141.0,True,False,False,True
723501,National Paints Metro Bus Stop Landside,1304,219,219,7,28.0,True,False,False,True
575501,Al Fardan Exchange Metro Bus Stop Seaside,1192,216,215,6,0.0,True,False,False,True
215115,,1154,211,212,6,195.0,True,False,False,True
292602,Expo 2020 Metro Station 2,1166,208,210,7,9.0,True,False,False,True
599501,Life Pharmacy Metro Bus Stop Seaside 2,1139,198,201,6,204.0,False,False,False,False
186102,Al Ras Metro Bus Stop 2,1050,195,199,7,126.0,True,False,False,True
376501,Union Metro Bus Stop 1-1,1042,182,182,16,174.0,True,False,False,True
140001,Salah Al Din Metro Bus Stop 1,1049,180,184,14,118.0,True,False,True,True
451501,ADCB Metro Bus Stop Seaside,1020,179,178,10,7.0,True,False,False,True
604502,Al Garhoud Metro Bus Stop 2,977,177,179,5,26.0,True,False,False,True
140002,Salah Al Din Metro Bus Stop 2,934,173,176,11,105.0,True,False,True,True
186101,Al Ras Metro Bus Stop 1,938,171,175,8,41.0,True,False,False,True
198102,Al Nahda  Metro Bus Stop 2,940,168,170,13,35.0,True,False,False,True
197102,Stadium Metro Bus Stop 2,895,167,166,13,29.0,True,False,False,True
202101,Sharaf DG Metro Bus Stop 1-1,856,162,162,15,340.0,False,False,True,True
556501,"Airport Terminal 1, External Parking",885,157,160,7,323.0,False,False,False,False
935501,Sobha Realty Metro Bus Stop Seaside,947,157,154,7,166.0,True,False,False,True
197101,Stadium Metro Bus Stop 1,844,152,150,13,149.0,True,False,False,True
546502,DIP Metro Bus Stop 2,854,152,156,6,41.0,True,False,False,True
206101,Abu Baker Al Siddique Metro Bus Stop 2,838,152,150,11,30.0,True,False,False,True
201101,Al Ghubaiba Metro Bus Stop,778,149,152,6,125.0,True,False,False,True
302201,,848,147,149,5,49.0,True,False,False,True
546501,DIP Metro Bus Stop 1,939,144,148,6,42.0,True,False,False,True
196101,Abu Hail Metro Bus Stop B,762,138,136,9,39.0,True,False,False,True
202102,Sharaf DG Metro Bus Stop 1-2,798,137,143,14,239.0,False,False,True,True
962101,Creek Metro Bus Stop,722,135,137,4,37.0,True,False,False,True
376502,Union Metro Bus Stop 1-2,730,135,127,12,158.0,True,False,False,True
199102,Dubai Airport Free Zone Metro Bus Stop 2,708,131,128,11,38.0,True,False,False,True
200102,Al Qusais Metro Bus Stop 2,714,131,131,7,149.0,True,False,False,True
238102,"Satwa, Masjid 2",712,131,116,14,1061.0,False,False,False,False
882002,NMC Hospital 2,632,129,135,9,1615.0,False,False,False,False
461001,Max Metro Bus Stop Seaside,708,126,127,8,50.0,True,False,False,True
302101,"Al Nahda 1, Terminus 2",631,124,149,8,2250.0,False,False,False,False
208102,,655,124,127,3,31.0,True,False,False,True
138101,ADCB Metro Bus Stop Landside,703,124,125,9,139.0,True,False,False,True
460001,"Satwa, Post Office",684,122,107,13,1095.0,False,False,False,False
218101,"Hor Al Anz East, Qiyadah Metro Bus Stop",666,119,118,4,170.0,True,False,False,True
112001,Naif Intersection 1,695,119,109,15,576.0,False,False,True,True
705501,Insurance Market Metro Bus Stop Landside 1,651,118,117,2,24.0,True,True,False,True
112002,Naif Intersection 2,664,116,107,15,647.0,False,False,True,True
198101,Al Nahda  Metro Bus Stop 1,632,116,115,9,51.0,True,False,False,True
882001,NMC Hospital 1,597,115,117,9,1529.0,False,False,False,False
114001,"Burj Nahar, Intersection 1",659,115,101,15,922.0,False,False,True,True
885001,"Al Qusais, Public Transport Depot 1",541,111,99,8,3124.0,False,False,False,False
200101,Al Qusais Metro Bus Stop 1,584,110,113,8,118.0,True,False,False,True
961508,Rashidiya Bus Station Arrival,573,109,107,12,84.0,True,False,False,True
209101,Oud Metha Metro Bus Stop 1,542,109,101,10,61.0,True,False,False,True
114002,"Burj Nahar, Intersection 2",603,108,98,14,914.0,False,False,True,True
123002,Union Bus Station 2,604,107,107,6,210.0,False,False,False,False
195504,,597,107,107,4,83.0,True,False,False,True
884001,Dubai Carmel School 1,527,105,100,7,2882.0,False,False,False,False
209102,Oud Metha Metro Bus Stop 2,577,104,105,11,71.0,True,False,False,True
603501,Danube Metro Bus Stop Landside,617,104,104,8,73.0,True,False,False,True
199101,Dubai Airport Free Zone Metro Bus Stop 1,560,103,102,7,79.0,True,False,False,True
570501,DMCC Metro Bus Stop Seaside,603,103,100,5,44.0,True,False,False,True
459001,"Satwa, Masjid 1",579,102,97,11,1160.0,False,False,False,False
312101,Al Maaref Private School,485,97,102,6,951.0,False,False,False,False
280101,"Al Nahda 1, DEWA-1",485,97,102,6,723.0,False,False,False,False
544501,Airport Terminal 3,564,93,96,5,88.0,True,False,False,True
633101,Jumeirah Golf Estate Metro Bus Stop 1,523,93,98,3,71.0,True,False,False,True
131102,Max Metro Bus Stop Landside 2,559,92,101,11,91.0,True,False,False,True
210001,,605,90,90,3,45.0,True,False,False,True
195505,,478,89,88,3,75.0,True,False,False,True
108001,Khaleej Road,505,89,82,11,188.0,True,False,False,True
136101,Emirates Tower Metro Bus Stop Seaside,474,88,80,6,136.0,True,False,True,True
400002,BurJuman Metro Bus Stop 2-2,475,85,86,8,121.0,True,True,True,True
501001,"Satwa, Clinic",491,83,78,9,1150.0,False,False,False,False
280102,"Al Nahda 1, DEWA-2",411,83,88,5,862.0,False,False,False,False
327001,"Muhaisnah 4, FEWA-1",509,83,85,10,3129.0,False,False,False,False
606501,Al Furjan Metro Bus Stop 2,467,83,85,3,9.0,True,False,False,True
130201,Dubai Internet City Metro Bus Stop Seaside,451,81,82,2,346.0,False,False,False,False
136001,Al Nakhal,479,80,77,11,509.0,False,False,False,False
255501,"International City, Civil Defence1",404,79,74,8,7939.0,False,False,False,False
455002,Hana Center 2,411,78,73,7,1293.0,False,True,True,True
344001,Al Qusais Industrial Area 2 Terminus,335,78,68,3,3419.0,False,False,False,False
458002,"Satwa, Roundabout 2",409,78,70,8,1045.0,False,False,False,False
392001,Raffa 1,450,77,78,10,672.0,False,False,False,False
406001,Rolla,450,77,77,10,665.0,False,False,False,False
492101,Bay Square 1,299,77,72,6,591.0,False,False,False,False
137002,Al Nakhal 1-2,477,76,71,10,556.0,False,False,False,False
257101,"Al Nahda 1, Mai Tower",374,75,84,4,1089.0,False,False,False,False
303501,"Al Nahda 1, Burj Al Noor 1",367,75,85,7,2213.0,False,False,False,False
139102,"International City, Rivera Dreams Apartments 1-2",402,74,72,8,7021.0,False,False,False,False
324501,"International City, CBD Buildings",402,74,72,8,7401.0,False,False,False,False
321501,"International City, Post office 1",402,74,74,8,6794.0,False,False,False,False
228102,City Centre Metro Bus Stop 2-1,441,74,71,9,193.0,True,True,False,True
400001,BurJuman Metro Bus Stop 2-1,407,73,72,8,341.0,False,True,True,True
601901,,484,72,72,2,460.0,False,False,False,False
292601,,484,72,72,2,55.0,True,False,False,True
186002,Dnata 2,436,72,74,10,443.0,False,False,False,False
407001,Nahda Street,448,72,76,10,601.0,False,False,False,False
234102,Raffa 2,448,72,76,10,670.0,False,False,False,False
186001,Dnata 1,440,71,69,10,440.0,False,False,False,False
235001,Emirates Metro Bus Stop 1,370,71,71,5,195.0,True,False,False,True
286202,"Muhaisnah 4, 76th Street 2",409,70,65,8,2415.0,False,False,False,False
165101,"Al Quoz, Al Khail Gate 1",355,70,59,4,2663.0,False,False,True,True
399001,,333,70,70,3,176.0,True,False,False,True
166101,"Al Quoz, Al Khail Gate 2",354,69,62,4,2914.0,False,False,True,True
163002,"Abu Hail, Clinic 2",408,69,69,8,1154.0,False,False,False,False
359502,Russian International School 2,378,68,62,9,2964.0,False,False,False,False
453002,"Hudheiba, Turnoff 2",383,68,64,6,1330.0,False,False,False,False
332002,Emirates Housing 2,402,68,65,8,2592.0,False,False,False,False
883001,Sahara Center 1,336,68,59,5,2273.0,False,True,False,True
195506,Abu Hail Bus Station 6,352,67,66,4,35.0,True,False,False,True
314101,Business Bay Metro Bus Stop Landside 1,308,67,67,3,62.0,True,False,False,True
631001,Queen Palace Factory 1,387,67,70,8,813.0,False,False,False,False
143002,Maktoum Road 2,376,67,63,10,435.0,False,False,False,False
454001,"Hoot, Eppco",383,66,63,6,1450.0,False,False,False,False
511102,XL Tower 2,250,66,59,5,491.0,False,False,False,False
204102,Al Jaddaf Metro Bus Stop 2,355,66,66,4,341.0,False,False,False,False
540101,"Al Quoz, Al Khail Gate Entrance 1",338,66,56,5,2210.0,False,False,True,True
633502,"Muhaisnah 4, New Housing 2",400,66,63,8,2489.0,False,False,False,False
204101,,333,65,65,3,316.0,False,False,False,False
286201,"Muhaisnah 4, 76th Street 1",370,65,60,7,2324.0,False,False,False,False
791502,"Sharjah, Al Jubail Bus Station 2",428,65,77,4,3190.0,False,False,False,False
641501,"Dubai Festival City, Festival Centre 1",344,65,66,5,537.0,False,True,False,True
388001,Four Point Sheraton Hotel1,370,65,65,9,349.0,False,False,False,False
144002,Etisalat Head Office 2,376,65,61,10,436.0,False,False,False,False
552102,U BORA Tower 2,250,65,60,5,268.0,False,False,False,False
548102,Lillian Tower 2,250,65,58,5,334.0,False,False,False,False
885002,"Al Qusais, Public Transport Depot 2",300,65,62,4,3130.0,False,False,False,False
884002,Dubai Carmel School 2,300,65,61,4,2893.0,False,False,False,False
883002,Sahara Center 2,300,65,61,4,2560.0,False,True,False,True
312502,"Al Nahda, Madina Super Market 2",335,64,58,6,2328.0,False,True,False,True
510502,New Dawn Private School 2,364,64,56,8,2523.0,False,False,False,False
784001,Parco Hypermarket,388,64,66,6,1269.0,False,True,False,True
123501,Oud Metha Road 2-1,322,64,58,10,687.0,False,False,False,False
321101,"Dubai Outsource City, Al Shiba Complex",315,64,64,4,11953.0,False,False,False,False
196501,"Al Nahda, The Sheffeild Private School 1",339,63,61,5,2951.0,False,False,False,False
212001,Onpassive Bus Terminus 1,272,63,52,2,139.0,True,False,False,True
199001,City Centre Metro Bus Stop 1-1,334,62,50,7,108.0,True,True,False,True
925001,DAFZA,373,62,65,4,1083.0,False,False,False,False
150501,"International City, Greece 1",320,62,61,6,8334.0,False,False,False,False
114501,Manama Road 4-1,320,62,60,6,7955.0,False,False,False,False
377002,"Muhaisnah 2, Al Shirawi Labour Camp 2",348,61,57,8,3612.0,False,False,False,False
144001,Etisalat Head Office 1,361,61,56,8,439.0,False,False,False,False
335001,"Dubai Taxi Corparation, Main Office 3",372,61,60,7,3241.0,False,False,False,False
156002,"Muhaisnah 2, Masjid Hamad Abdul Karim 2",348,61,58,8,3734.0,False,False,False,False
235002,Emirates Metro Bus Stop 2,322,61,67,4,210.0,False,False,False,False
143001,Maktoum Road 1,361,60,55,8,484.0,False,False,False,False
359501,Russian International School 1,345,60,53,8,2941.0,False,False,False,False
325502,"Al Nahda, Canary Bldg 2",261,60,41,6,1805.0,False,False,False,False
889001,"Nahda 1, Enoc",301,60,54,4,2054.0,False,False,False,False
211901,Onpassive Bus Terminus 2,372,60,56,2,194.0,True,False,False,True
325501,"Al Nahda, Canary Bldg 1",321,60,60,6,1797.0,False,False,False,False
228002,Mahlab School 2,333,59,57,6,1722.0,False,False,False,False
466101,"Al Quoz, Al Khail Gate 3",305,59,52,4,3265.0,False,False,True,True
518102,Discovery Garden Metro Bus Stop 2,335,59,62,3,60.0,True,False,False,True
887002,Galadari Driving School 2,337,58,58,7,3221.0,False,False,False,False
228001,Mahlab School 1,367,58,65,7,1700.0,False,False,False,False
401001,BurJuman Metro Bus Stop 3-1,324,58,56,6,259.0,False,True,False,True
319501,"International City, Dragon Mart 1-1",308,58,57,6,6700.0,False,False,False,False
167101,Galadari Printing & Publishing 1,336,58,60,8,828.0,False,False,False,False
312501,"Al Nahda, Madina Super Market 1",261,58,41,6,2194.0,False,True,False,True
131101,,324,58,58,3,48.0,True,False,False,True
290002,Ministry of Information 2,324,58,58,7,441.0,False,False,False,False
123502,Oud Metha Road 2-2,289,58,53,9,842.0,False,False,False,False
713501,,322,58,58,2,130.0,True,False,False,True
430001,"Umm Hurair, Road 2",292,57,47,7,504.0,False,False,False,False
496101,Coral Tower 1,234,57,55,5,180.0,True,False,False,True
493101,Canal Views Hotel Apartments 1,234,57,55,5,211.0,False,False,False,False
266501,Silicon Oasis HQ 2,289,57,52,4,9713.0,False,False,False,False
195101,Gold Souq Bus Station External,316,57,54,7,71.0,True,True,False,True
633501,"Muhaisnah 4, New Housing 1",328,56,53,7,2481.0,False,False,False,False
270001,"Airport Terminal 2, Arrival",343,56,54,6,1365.0,False,False,False,False
977501,Trade Center Metro Bus Stop,304,56,52,5,195.0,True,True,False,True
426002,Karama Ent. 2,319,56,52,7,760.0,False,False,False,False
455001,Hana Center 1,319,56,54,6,1311.0,False,True,True,True
399002,,322,56,60,3,136.0,True,False,False,True
300002,"Dubai Outsource City, Royal Bank of Scotland 2",275,56,57,3,12185.0,False,False,False,False
895501,Emirates Tower Metro Bus Stop Landside,316,56,55,4,198.0,True,False,True,True
302501,"Al Nahda 1, Terminus 1",228,56,49,5,2243.0,False,False,False,False
339502,Dubai Mens College 2-2,263,56,52,3,11791.0,False,False,False,False
332001,Emirates Housing 1,321,55,53,7,2649.0,False,False,False,False
304002,Dubai Grand Hotel 2,303,55,54,7,671.0,False,False,False,False
464101,"Airport Terminal 2, Departure",351,55,54,6,1223.0,False,False,False,False
237102,Al Wasl University 2,319,55,53,7,852.0,False,False,False,False
311101,"Al Quoz, Latifa Bint Hamdan Street 1",320,55,55,5,1439.0,False,False,False,False
455101,Energy Metro Bus Stop Landside,320,54,57,2,83.0,True,False,False,True
305001,Damascus Road 1-1,305,54,57,7,1004.0,False,False,False,False
547102,Lake Central Tower 2,216,54,49,4,483.0,False,False,False,False
445001,Oud Metha Road 1-1,278,54,50,9,454.0,False,False,False,False
572001,Khaleej Times 1,320,54,55,5,1058.0,False,False,False,False
377001,"Muhaisnah 2, Al Shirawi Labour Camp 1",358,54,58,8,3621.0,False,False,False,False
156001,"Muhaisnah 2, Masjid Hamad Abdul Karim 1",358,54,56,8,3734.0,False,False,False,False
510501,New Dawn Private School 1,294,54,46,7,2532.0,False,False,False,False
313502,"Al Nahda, 12 St 2",275,53,46,5,1918.0,False,False,False,False
290001,Ministry of Information 1,311,53,50,8,448.0,False,False,False,False
161002,"Hor Al Anz, Turnoff 2",302,53,48,7,1060.0,False,False,False,False
323001,Damascus Road 3-1,305,53,55,7,1962.0,False,False,False,False
232001,"Garhoud, Intersection 1",314,53,50,7,520.0,False,False,False,False
303502,"Al Nahda 1, Burj Al Noor 2",270,53,59,5,2214.0,False,False,False,False
338001,East Height Towers Entrance G,221,53,54,4,735.0,False,False,False,False
188001,Clock Tower Roundabout 1,334,53,50,7,404.0,False,False,False,False
203201,Sharaf DG Metro Bus Stop 3-1,323,53,58,8,117.0,True,False,True,True
504002,"Satwa, Square 2",309,52,48,7,1207.0,False,False,False,False
506002,Khadri Masjid 2,308,52,50,7,1109.0,False,False,False,False
259502,"Dubai Studio City, Operation Office 2",316,52,60,6,9249.0,False,False,False,False
388002,Four Point Sheraton Hotel 2,323,52,57,8,338.0,False,False,False,False
427001,Broadcast Interchange,297,52,48,7,686.0,False,False,False,False
294001,Al Khulafaa Al Rashideen Boys School 1,304,52,52,7,516.0,False,False,False,False
334501,Dubai Academic City 3,227,52,42,3,11426.0,False,False,False,False
316501,"International City, Morocco 1",256,52,50,4,7917.0,False,False,False,False
422001,Al Wasl University 1,312,52,53,7,694.0,False,False,False,False
423001,Central Post Office 1,312,52,52,7,832.0,False,False,False,False
318501,"International City, China 2-1",256,51,49,4,6993.0,False,False,False,False
441503,Dubai Mall Metro Bus Stop Landside 3,209,51,40,3,28.0,True,True,False,True
363502,MAN Motors 2,231,51,45,4,3158.0,False,False,False,False
334001,"Muhaisnah 2, Entrance 1",301,51,49,6,3680.0,False,False,False,False
334002,"Muhaisnah 2, Entrance 2",297,51,46,6,3691.0,False,False,False,False
352501,Public Transport Agency 1,307,50,49,6,2939.0,False,False,False,False
808501,Business Bay Metro Bus Stop Seaside,268,50,44,3,130.0,True,False,False,True
658001,Interchange 4-1,297,50,56,6,932.0,False,False,False,False
548101,Lillian Tower 1,189,50,47,4,472.0,False,False,False,False
333501,Dubai Academic City 2-1,230,50,42,4,11415.0,False,False,False,False
607102,Burj View central Tower 2,224,49,44,4,554.0,False,False,False,False
163001,"Abu Hail, Clinic 1",320,49,54,6,1137.0,False,False,False,False
458001,"Satwa, Roundabout 1",252,49,49,5,1105.0,False,False,False,False
785001,Qaser Al Kabayel Center,300,49,52,5,1058.0,False,True,False,True
703501,"Al Qusais Industrial Area 3, Masjid Mustaqeem 1",244,49,45,3,3354.0,False,False,False,False
509102,South Ridge Tower 2,224,49,46,4,691.0,False,False,False,False
313501,"Al Nahda, 12 St 1",200,49,32,5,1886.0,False,False,False,False
788001,Jebel Ali Industrial Area 11,300,49,52,5,999.0,False,False,False,False
511101,XL Tower 1,189,49,46,4,485.0,False,False,False,False
256103,Al Jafiliya Bus Station 3,285,49,47,3,118.0,True,False,True,True
552101,U BORA Tower 1,189,49,46,4,240.0,False,False,False,False
503010,"Satwa, Bus Station 10",228,48,43,1,1165.0,False,False,False,False
546101,Fairview Residency 1,189,48,48,4,839.0,False,False,False,False
549101,Mayfair Residency 1,189,48,48,4,548.0,False,False,False,False
110001,Hyatt Regency Hotel,266,48,46,7,486.0,False,False,False,False
445002,Oud Metha Road 1-2,247,48,47,8,448.0,False,False,False,False
333502,Dubai Academic City 2-2,231,47,47,4,11583.0,False,False,False,False
424001,"Karama, Dubai Municipality Center 1",244,47,38,5,512.0,False,True,False,True
453001,"Hudheiba, Turnoff 1",292,47,46,5,1366.0,False,False,False,False
410001,"Dubai Real Estate, Headquarters",259,47,43,4,1119.0,False,False,False,False
469001,Dubai Birds and Pets Market 1,221,47,40,3,11587.0,False,True,False,True
513501,Dubai Courts 1,214,47,29,7,532.0,False,False,False,False
305502,"Al Nahda 1, Zaafranah 2",221,46,40,4,2033.0,False,False,False,False
304001,Dubai Grand Hotel 1,271,46,46,6,740.0,False,False,False,False
493102,Canal Views Hotel Apartments 2,176,46,42,4,284.0,False,False,False,False
440001,Rashid Hospital Roundabout 1,260,46,42,6,164.0,True,False,False,True
158501,Dubai Textile City Main Gate,212,46,43,3,7665.0,False,False,False,False
492102,Bay Square 2,176,46,42,4,590.0,False,False,False,False
496102,Coral Tower 2,176,46,41,4,172.0,True,False,False,True
409002,Sheikh Rashid Road Intersection 2,259,46,43,4,1248.0,False,False,False,False
960001,"Ras Al Khor, Terminus 1",211,46,40,4,3921.0,False,False,False,False
270102,"Al Warsan 3, RTA Staff Accommodation 2",221,46,40,3,10725.0,False,False,False,False
417001,Department of Health 1,261,46,46,5,559.0,False,False,False,False
423002,Central Post Office 2,272,46,46,6,824.0,False,False,False,False
411102,E311 Road 2 (Non Stop),200,45,40,2,3036.0,False,False,False,False
288001,"Al Nahda, Shabab Alahli Club 1",272,45,42,7,231.0,False,False,False,False
326501,"Al Nahda, Motawa Building 1",229,45,39,4,2463.0,False,False,False,False
621002,"Al Quoz, New Housing Junction 2",274,45,44,3,1827.0,False,False,False,False
311102,"Al Quoz, Latifa Bint Hamdan Street 2",274,45,44,3,1272.0,False,False,False,False
323002,Damascus Road 3-2,254,45,43,6,1987.0,False,False,False,False
233001,Cargo Village,256,45,44,6,516.0,False,False,False,False
331001,Oxford School 1,253,45,41,5,2433.0,False,False,False,False
101003,Stadium Bus Station 3,219,44,45,1,208.0,False,False,False,False
779001,Grand HyperMarket B-1,266,44,44,6,1942.0,False,True,False,False
325002,Al Qusais Industrial Area 2,260,44,46,6,2771.0,False,False,False,False
305002,Damascus Road 1-2,254,44,43,6,1086.0,False,False,False,False
253101,Silicon Oasis North Park 1,204,44,39,4,10800.0,False,False,False,False
443001,British Council 1,258,44,38,4,396.0,False,False,False,False
424002,"Karama, Dubai Municipality Center 2",241,44,39,5,410.0,False,True,False,False
495102,Clover Bay Tower 2,182,44,39,3,631.0,False,False,False,False
551102,The Binary Tower 2,182,44,39,3,702.0,False,False,False,False
781001,Landmark Group 1,264,43,47,4,1397.0,False,False,False,False
335501,Emirates Aviation University 1,190,43,35,3,12200.0,False,False,False,False
783001,Nuzul labour Accommodation 1,250,43,43,3,1036.0,False,False,False,False
188002,Clock Tower Roundabout 2,267,43,44,5,425.0,False,False,False,False
314102,Business Bay Metro Bus Stop Landside 2,188,43,43,3,93.0,True,False,True,True
254101,Silicon Oasis SIT Tower 1,204,43,39,4,10869.0,False,False,False,False
276101,"DIP, Madina Supermarket Terminus",245,43,47,3,5692.0,False,True,False,False
411101,E311 Road 1 (Non Stop),195,43,43,2,3018.0,False,False,False,False
704501,"Al Qusais Industrial Area 3, Terminus",219,43,42,1,3262.0,False,False,False,False
172501,Dragon Mart 2 External,223,43,48,4,6852.0,False,False,False,False
658002,Interchange 4-2,249,43,43,5,709.0,False,False,False,False
432001,Centre Point Shopping Centre 1,249,43,43,6,476.0,False,True,False,False
134002,Islamic Institute 2,214,42,36,5,844.0,False,False,False,False
782001,Al Khaleej Al Madina Supermarket 1,250,42,44,3,1076.0,False,True,False,False
259501,"Dubai Studio City, Operation Office 1",258,42,49,6,9238.0,False,False,False,False
137101,Financial Center Metro Bus Stop Seaside,223,42,37,2,111.0,True,True,False,False
352502,Public Transport Agency 2,235,42,36,5,3068.0,False,False,False,False
452102,"Dubai Festival City, Marks & Spencer 2",232,41,44,5,456.0,False,False,False,False
314103,Business Bay Metro Bus Stop Landside 3,177,41,31,2,133.0,True,False,True,True
311501,"Al Nahda, 19A Street 1",219,41,40,4,2411.0,False,False,False,False
600102,"Sports City, ICC Headquarter 2",221,41,43,5,6643.0,False,False,False,False
401002,BurJuman Metro Bus Stop 3-2,212,41,31,5,314.0,False,True,False,False
173102,Dunes Village 2,241,41,46,3,5275.0,False,False,False,False
234001,Emirates Airlines Headquarters 1,225,41,39,5,132.0,True,False,False,False
317501,"International City, China 3-1",209,41,39,4,7419.0,False,False,False,False
326001,Technical School 1,259,41,41,5,1554.0,False,False,False,False
887001,Galadari Driving School 1,244,41,40,5,3202.0,False,False,False,False
866001,"Muhaisnah 1, Intersection 1",243,40,42,5,1078.0,False,False,False,False
238001,Mawakeb School 1,218,40,40,4,1001.0,False,False,False,False
961503,Rashidiya Bus Station Gate 3,261,40,39,8,91.0,True,False,False,False
339501,Dubai Mens College 2-1,190,40,35,3,11779.0,False,False,False,False
336501,Al Ghurair University 2-1,190,40,36,3,12240.0,False,False,False,False
337501,Al Ghurair University 3-1,190,40,36,3,12274.0,False,False,False,False
322001,Damascus Road 2-1,229,40,42,5,1586.0,False,False,False,False
313001,"Al Twar 4, Qutami Al Suweidi Masjid 1",259,40,41,5,837.0,False,False,False,False
238002,Mawakeb School 2,215,40,41,4,962.0,False,False,False,False
511501,Silicon Oasis HQ 1,202,40,36,4,9608.0,False,False,False,False
877002,Sheikh Rashid Colony 1-2,226,40,41,4,361.0,False,False,False,False
336502,Al Ghurair University 2-2,190,40,37,3,12262.0,False,False,False,False
644002,Emirates Printing Press 2,234,40,38,3,3389.0,False,False,False,False
101005,Stadium Bus Station 5,187,40,36,1,171.0,True,False,False,False
632002,Majid Industries 2,234,40,37,3,3284.0,False,False,False,False
337502,Al Ghurair University 3-2,190,40,38,3,12278.0,False,False,False,False
107102,"Sharjah, King Faisal Road, Jumbo-Sony 2",213,40,39,4,3275.0,False,False,False,False
630002,Emirates Gas Factory 2,246,40,35,3,945.0,False,False,False,False
643002,ETA Steel Works 2,234,39,38,3,3242.0,False,False,False,False
640002,Bartawi Camps 2,234,39,37,3,2803.0,False,False,False,False
422502,"Sharjah, King Faisal Road, Adnoc Petrol Station 2",213,39,39,4,3124.0,False,False,False,False
103102,"Sharjah, Al Wahda Rd, Subway 1-2",213,39,38,4,2949.0,False,False,False,False
639002,Rostamani Steel Mills 2,234,39,37,3,2686.0,False,False,False,False
999002,Joton Paints 2,234,39,37,3,2353.0,False,False,False,False
470002,"Wasl, Wasl Club 2",189,39,36,5,1725.0,False,False,False,False
888802,Dubai Mall Bus Stop 2,140,39,38,2,1248.0,False,True,False,False
978001,"Al Quoz, Emirates Housing Al Khail Gate 2",234,39,36,3,3384.0,False,False,False,False
525101,"Al Quoz, Gargash Construction Accommodation 2",234,39,38,3,3412.0,False,False,False,False
189001,Flame Intersection 1,275,39,38,6,437.0,False,False,False,False
878002,Emirates Driving Institute 2,226,39,41,4,543.0,False,False,False,False
335502,Emirates Aviation University 2,190,39,37,3,12242.0,False,False,False,False
637002,Emirates Industries 2,234,39,37,3,3243.0,False,False,False,False
879002,Ministry Of Human Resources & Emiratisation 2,226,39,40,4,1140.0,False,False,False,False
638002,"Khaleej, Metal Coating 2",234,39,37,3,3144.0,False,False,False,False
104102,"Sharjah, Al Wahda Rd, Al Wahda Center 2-2",213,38,38,4,3136.0,False,True,False,False
102102,"Sharjah, Al Wahda Road, City Center 2",213,38,39,4,3293.0,False,True,False,False
299501,"Dubai Outsource City, Arab Company 1",198,38,39,4,11963.0,False,False,False,False
163501,Lulu Village 1,231,38,40,3,2969.0,False,False,False,False
866002,"Muhaisnah 1, Intersection 2",241,38,42,5,1153.0,False,False,False,False
875001,Tunis Road 1,241,38,42,5,1393.0,False,False,False,False
730501,The Gardens Metro Bus Stop 1,211,38,39,3,46.0,True,False,False,False
101009,Stadium Bus Station 9,147,38,56,1,206.0,False,False,False,False
161001,"Hor Al Anz, Turnoff 1",217,38,35,5,1030.0,False,False,False,False
285501,Al Ghurair University Road,190,38,38,3,12155.0,False,False,False,False
522101,Volante Dubai Tower 1,155,38,35,3,172.0,True,False,False,False
150502,"International City, Greece 2",234,37,44,6,8328.0,False,False,False,False
156501,Beirut Road 1,214,37,38,5,1200.0,False,False,False,False
504001,"Satwa, Square 1",224,37,36,5,1199.0,False,False,False,False
505001,Bada'a,206,37,35,4,1207.0,False,False,False,False
130101,Dubai Internet City Metro Bus Stop Landside 1,202,37,36,3,256.0,False,False,False,False
216001,"Wuhaida, Road 1",216,37,34,5,657.0,False,False,False,False
255502,"International City, Civil Defence2",234,37,43,6,7926.0,False,False,False,False
162501,"International City, Post office 2",234,37,41,6,6693.0,False,False,False,False
435002,Karama 2-2,200,37,33,5,315.0,False,False,False,False
393001,Silicon Oasis High Bay 1,200,37,36,4,9300.0,False,False,False,False
433002,Karama 1-2,200,37,33,5,492.0,False,False,False,False
607101,Burj View central Tower 1,162,37,34,3,571.0,False,False,False,False
506001,Khadri Masjid 1,224,37,36,5,1130.0,False,False,False,False
425002,Schools Health Center 2,200,37,32,5,630.0,False,True,False,False
547101,Lake Central Tower 1,151,37,36,3,518.0,False,False,False,False
509101,South Ridge Tower 1,162,36,34,3,713.0,False,False,False,False
137001,Al Nakhal 1-1,214,36,32,5,644.0,False,False,False,False
433001,Karama 1-1,197,36,32,5,534.0,False,False,False,False
185101,"Al Nahda, Park 2",193,36,32,4,2078.0,False,False,False,False
435001,Karama 2-1,197,36,31,5,243.0,False,False,False,False
545102,Empire Heights Towers 2,142,36,31,3,449.0,False,False,False,False
513001,Durrah Tower,181,36,30,4,262.0,False,False,False,False
690001,Knowledge Village,261,36,36,3,262.0,False,False,False,False
722002,"Jumeirah Beach Residence 1, Landside",261,36,36,3,173.0,True,False,False,False
723002,"Jumeirah Beach Residence 2, Landside",261,36,36,3,103.0,True,False,False,False
258502,Media City Tram Bus Station 2,242,36,36,2,0.0,True,False,False,False
689002,Royal Mirage Hotel 2-2,261,36,36,3,212.0,False,False,False,False
691001,"Villas Complex, Tecom",261,36,36,3,39.0,True,False,False,False
198501,,242,36,36,2,110.0,True,False,False,False
315501,"International City, Lake Entrance 1",172,36,33,3,8531.0,False,False,False,False
130102,,200,36,36,1,301.0,False,False,False,False
587301,,242,36,36,1,498.0,False,False,False,False
103101,"Sharjah, Al Wahda Rd, Subway 1-1",248,36,47,5,2999.0,False,False,False,False
216501,Avanti Tower,137,35,32,2,654.0,False,False,False,False
102101,"Sharjah, Al Wahda Road, City Center 1",248,35,48,5,3312.0,False,True,False,False
446001,Wafi City 1,168,35,34,6,628.0,False,False,False,False
468001,Latifa Hospital,190,35,35,4,1086.0,False,False,False,False
515001,Rostamani Tower,180,35,31,4,379.0,False,False,False,False
425001,Schools Health Center 1,197,35,33,5,621.0,False,True,False,False
104101,"Sharjah, Al Wahda Rd, Al Wahda Center 2-1",248,35,47,5,3189.0,False,True,False,False
107101,"Sharjah, King Faisal Road, Jumbo-Sony 1",248,35,46,5,3378.0,False,False,False,False
215501,Capital Golden Tower,137,35,33,2,630.0,False,False,False,False
142002,Abu Baker Al Siddique Road 2,219,35,36,5,743.0,False,False,False,False
237001,Dubai Municipality Garage 1,180,35,35,3,510.0,False,False,False,False
611102,Business Bay 2 Bus Station 2,137,35,34,2,378.0,False,False,True,True
422501,"Sharjah, King Faisal Road, Adnoc Petrol Station 1",248,35,47,5,3158.0,False,False,False,False
121501,Dubai Textile City,157,35,33,2,7942.0,False,False,False,False
954001,"Ras Al Khor, Mega Star Trdg.",170,35,34,3,3484.0,False,False,False,False
391002,Department of Ports & Customs 2,241,34,34,6,1341.0,False,False,False,False
648501,"Muhaisnah 4, Lootah Building 1",202,34,35,3,2715.0,False,False,False,False
254102,Silicon Oasis SIT Tower 2,164,34,30,3,10878.0,False,False,False,False
973001,Amssar Wood Manufacturing 1,220,34,37,6,2136.0,False,False,False,False
494101,Clayton Residency 1,154,34,36,3,661.0,False,False,False,False
657001,Classic Crystal 1,189,34,33,4,1666.0,False,False,False,False
953001,"Ras Al Khor, Tawoon Trans.",173,34,33,3,3900.0,False,False,False,False
702101,Dubai Fountain Street 1,149,34,36,3,819.0,False,False,False,False
512001,White Crown Tower,181,34,29,4,425.0,False,False,False,False
330501,Dubai Outsource City 4-1,157,34,30,3,11871.0,False,False,False,False
662001,Gold & Diamond Park 1,190,34,29,3,450.0,False,False,False,False
782002,Al Khaleej Al Madina Supermarket 2,206,34,35,5,1069.0,False,True,False,False
237002,Dubai Municipality Garage 2,177,34,37,3,521.0,False,False,False,False
877001,Sheikh Rashid Colony 1-1,187,33,30,4,352.0,False,False,False,False
106101,"Sharjah, King Faisal Road, Old Gold Souq",248,33,47,5,3224.0,False,True,False,False
331601,University of Birmingham Dubai 1,157,33,30,3,11206.0,False,False,False,False
255101,Manipal University 1,157,33,30,3,11325.0,False,False,False,False
331502,Bits Pilani 2,157,33,30,3,11327.0,False,False,False,False
343001,"Al Qusais Industrial Area, Terminus 1",191,33,34,2,3417.0,False,False,False,False
197501,"Al Nahda, Zuleikha Hospital 1",168,33,30,4,2679.0,False,False,False,False
615002,"Honda, Training Center 2",200,33,28,2,1025.0,False,True,False,False
266102,DE MONTFORT University Dubai Campus 2,157,33,30,3,11279.0,False,False,False,False
286101,"Muhaisnah 4, Jamal Building 1",202,33,35,3,2895.0,False,False,False,False
101502,"Al Quoz, AST Company 2",197,33,32,2,2059.0,False,False,False,False
210101,"Al Qusais, Civil Defence Intersection",186,33,29,4,308.0,False,False,False,False
342502,Silicon Oasis SP Oasis 2,164,33,31,3,11147.0,False,False,False,False
735502,Silicon Oasis Al Waha Masjid 2,164,33,32,3,11410.0,False,False,False,False
289001,Arabian Orchard Complex C-1,195,33,39,2,5238.0,False,False,False,False
326002,Technical School 2,186,33,29,4,1551.0,False,False,False,False
287001,Arabian Orchard Complex B-1,195,33,39,2,5064.0,False,False,False,False
291001,Arabian Orchard Complex D-1,195,33,38,2,5304.0,False,False,False,False
286001,Arabian Orchard Complex A-1,195,33,40,2,4922.0,False,False,False,False
322002,Damascus Road 2-2,178,33,31,4,1596.0,False,False,False,False
297002,"Al Qusais, Police Station 2",186,33,29,4,509.0,False,False,False,False
313002,"Al Qusais, Qutami Al Suweidi Masjid 2",186,33,29,4,838.0,False,False,False,False
803001,"Ras Al Khor, Veg. Mkt. 1",166,33,34,5,5413.0,False,False,False,False
213101,Reef Mall 1,195,33,29,5,224.0,False,True,False,False
213102,Reef Mall 2,201,33,33,4,290.0,False,True,False,False
456002,2nd December Street 2,212,33,36,5,1649.0,False,False,False,False
253102,Silicon Oasis North Park 2,164,33,30,3,10810.0,False,False,False,False
734001,"Ibn Battuta, Food Court 3",233,32,36,5,561.0,False,False,False,False
522601,Silicon Oasis Emirates Building 1,164,32,30,3,10436.0,False,False,False,False
622002,"Shirawi, Scania 2",170,32,32,4,625.0,False,False,False,False
624002,Oasis Village 2,197,32,31,2,2005.0,False,False,False,False
150101,Oxford School Gate 4 1,173,32,30,3,2558.0,False,False,False,False
961509,Rashidiya Bus Station Gate 9,149,32,33,2,51.0,True,False,False,False
149101,"Muhaisnah 4, Awqaf Housings 1",173,32,30,3,2925.0,False,False,False,False
285001,"Al Twar 1, Emarat Pertol Stn-Al Mawred 1",187,32,35,3,398.0,False,False,False,False
242102,Marine Center 2,170,32,32,4,1269.0,False,True,False,False
226102,"Muraqqabat, Police Station 2",201,32,32,4,499.0,False,False,False,False
324001,Damascus Road 4-1,184,32,33,4,2483.0,False,False,False,False
353502,"Al Nahda 1, Burj Al Nahda 2",160,32,27,3,1671.0,False,False,False,False
243102,Bosch Center 2,170,32,32,4,982.0,False,True,False,False
631002,Queen Palace Factory 2,195,31,27,2,791.0,False,False,False,False
167102,Galadari Printing & Publishing 2,195,31,27,2,817.0,False,False,False,False
331602,University of Birmingham Dubai 2,158,31,33,3,11206.0,False,False,False,False
101008,Stadium Bus Station 8,201,31,34,1,186.0,True,False,False,False
360001,"Al Nahda 1, Al Banai 1",161,31,25,3,1558.0,False,False,False,False
442001,Rashid Hospital,172,31,29,6,252.0,False,False,False,False
331701,University of Dubai,155,31,32,1,12487.0,False,False,False,False
456001,2nd December Street  1,214,31,35,5,1520.0,False,False,False,False
327002,"Muhaisnah 4, FEWA-2",186,31,28,4,3032.0,False,False,False,False
248502,"Al Nahda 1, Masjid Rada 2",160,31,27,3,1678.0,False,False,False,False
215124,Etisalat Bus Station 24,207,31,35,1,194.0,True,False,False,False
149001,"International City, Dragon Mart 2",204,31,35,3,7050.0,False,False,False,False
507002,"Satwa, Road 2",181,31,29,4,1161.0,False,False,False,False
255102,Manipal University 2,158,31,33,3,11319.0,False,False,False,False
573001,Oasis Center 1,170,31,33,4,2015.0,False,True,False,False
248501,"Al Nahda 1, Masjid Rada 1",161,31,26,3,1669.0,False,False,False,False
136501,"Al Quoz, Al Futtaim Motors",170,31,34,4,1717.0,False,False,False,False
143502,Silicon Oasis Masjid 2,127,31,22,2,10739.0,False,False,False,False
353501,"Al Nahda 1, Burj Al Nahda 1",161,30,26,3,1692.0,False,False,False,False
391001,Department of Ports & Customs 1,198,30,27,5,1578.0,False,False,False,False
331501,Bits Pilani 1,158,30,33,3,11324.0,False,False,False,False
400501,Algeria Street 5-1,198,30,34,4,2963.0,False,False,False,False
360002,"Al Nahda 1, Al Banai 2",160,30,27,3,1539.0,False,False,False,False
243001,"Rashidiya, Civil Defence 1",137,30,29,4,1587.0,False,False,False,False
266101,DE MONTFORT University Dubai Campus 1,158,30,32,3,11281.0,False,False,False,False
507001,"Satwa, Road 1",176,30,26,4,1185.0,False,False,False,False
508001,Bilal Bin Ribah School,176,30,26,4,1161.0,False,False,False,False
961504,Rashidiya Bus Station Gate 4,145,30,28,3,95.0,True,False,False,False
655001,Al Warsan 3 Dubai Nursery 1,148,30,26,3,10933.0,False,False,False,False
325001,Al Qusais Industrial Area 1,172,30,28,4,2872.0,False,False,False,False
545101,Empire Heights Towers 1,130,30,28,3,456.0,False,False,False,False
157502,Beirut Road 2-2,163,30,30,4,548.0,False,False,False,False
109001,Murar Jadeed 1,166,30,29,4,933.0,False,False,False,False
158101,Al Furjan Metro Bus Stop 1,158,29,28,2,29.0,True,False,False,False
361001,"Al Nahda 1, Fatma Mohammad Masjid 1",133,29,42,2,2055.0,False,False,False,False
878001,Emirates Driving Institute 1,155,29,26,4,628.0,False,False,False,False
305501,"Al Nahda 1, Zaafranah 1",161,29,25,3,1998.0,False,False,False,False
655002,Al Warsan 3 Dubai Nursery 2,147,29,24,3,11174.0,False,False,False,False
618002,Speedwell Decor 2,171,29,31,4,1841.0,False,False,False,False
518101,Discovery Garden Metro Bus Stop 1,158,29,28,2,25.0,True,False,False,False
640501,"Dubai Festival City, IKEA1",141,29,27,3,940.0,False,False,False,False
983001,Dubai Investment Park 1,174,29,29,3,2197.0,False,False,False,False
125502,Kuwait Road 2,134,29,24,2,850.0,False,False,False,False
414002,"Mankhool, Center Point 2",134,29,24,2,442.0,False,True,False,False
550101,RBC Tower 2,98,29,22,2,363.0,False,False,False,False
220102,"Deira, Fish Roundabout 2",158,29,26,4,219.0,False,False,False,False
509002,Rehabilitation Center 2,181,29,28,4,1310.0,False,True,False,False
509001,Rehabilitation Center 1,176,29,25,4,1345.0,False,True,False,False
205002,"Hamriya, Port 2",165,28,29,4,1282.0,False,False,False,False
297001,"Al Twar 4, Al Qusais Police Station 1",188,28,29,4,391.0,False,False,False,False
469002,Dubai Birds and Pets Market 2,147,28,25,3,11655.0,False,True,False,False
152001,Al Bakhit Center 1,174,28,26,5,471.0,False,True,False,False
546102,Fairview Residency 2,98,28,23,2,804.0,False,False,False,False
549102,Mayfair Residency 2,98,28,23,2,548.0,False,False,False,False
240001,"Rashidiya, Village",138,28,28,4,1403.0,False,False,False,False
366002,"Mirdiff, Private School 2",177,28,31,5,3399.0,False,False,False,False
408002,"Mankhool, Standard Chartered Bank 2",153,28,28,3,922.0,False,False,False,False
292001,"Al Twar, Union Cooperative Society",168,28,28,4,206.0,False,False,False,False
969501,"Al Barsha Heights, Mashael Building 1",154,28,27,3,721.0,False,False,False,False
783002,Nuzul labour Accommodation 2,171,28,29,4,1007.0,False,False,False,False
409001,Sheikh Rashid Road Intersection 1,171,28,27,3,1214.0,False,False,False,False
345502,Vegetable Market 2,151,28,28,3,6087.0,False,True,False,False
141501,"Abu Dhabi, Central Bus Station 1",201,28,33,2,91552.0,False,False,False,False
363501,MAN Motors 1,159,28,27,3,3129.0,False,False,False,False
503502,"The Green Community, East Gate Entrance 2",153,27,28,2,671.0,False,False,False,False
551101,The Binary Tower 1,118,27,26,2,715.0,False,False,False,False
859001,"Al Quoz, Dubai Center Driving School 1",144,27,23,3,634.0,False,True,False,False
408001,"Mankhool, Standard Chartered Bank 1",153,27,27,3,746.0,False,False,False,False
495101,Clover Bay Tower 1,118,27,26,2,676.0,False,False,False,False
101101,"Sharjah, Ithihad Road - Al Safeer Mall 1",180,27,33,3,2981.0,False,True,False,False
600101,"Sports City, ICC Headquarter 1",152,27,27,4,6529.0,False,False,False,False
294002,Al Khulafaa Al Rashideen Boys School 2,147,27,25,4,373.0,False,False,False,False
502502,"The Green Community, West Gate Entrance 2",153,27,29,2,452.0,False,False,False,False
730502,The Gardens Metro Bus Stop 2,152,27,28,2,66.0,True,False,False,False
369001,"Muhaisnah 2, 7th Street-1",180,27,27,2,1627.0,False,False,False,False
653102,"Dubai Production City, Centrium Tower 2",163,27,31,3,3777.0,False,False,False,False
903001,Nadd Al Hamar Park 1,132,27,28,4,3228.0,False,False,False,False
151001,"Muraqqabat, Police Station 1",163,27,24,4,465.0,False,False,False,False
537002,"Wasl Road, Box Park 2-2",152,26,28,4,1280.0,False,False,False,False
417002,Department of Health 2,151,26,24,3,514.0,False,False,False,False
100101,"Sharjah, Ithihad Road, Ansar Mall 1",180,26,33,3,2924.0,False,True,False,False
101102,"Sharjah, Ithihad Road - Al Safeer Mall 2",143,26,26,2,2894.0,False,True,False,False
492002,Iranian Hospital 2,141,26,23,3,1796.0,False,False,False,False
549501,"Al Quoz, Bin Hindi 2",131,26,26,3,485.0,False,False,False,False
133002,Rasheed Road 2,139,26,22,3,828.0,False,False,False,False
516001,Silicon Oasis Axiom 1,128,26,21,2,10044.0,False,False,False,False
121101,"Muhaisnah 2, Bu Haleeba Contracting Camp 1",178,26,28,3,2905.0,False,False,False,False
465101,Oud Metha Metro Bus Stop Terminus,160,26,23,2,147.0,True,False,False,False
172101,Pace Food Stuff Trading 1,145,26,27,3,4918.0,False,False,False,False
659502,Silicon Oasis Arch Building 2,122,26,23,2,11365.0,False,False,False,False
150001,The Center 1,178,26,31,4,318.0,False,True,False,False
659501,Silicon Oasis Arch Building 1,119,26,22,2,11389.0,False,False,False,False
735501,Silicon Oasis Al Waha Masjid 1,119,26,22,2,11321.0,False,False,False,False
341502,Silicon Oasis Palace Tower 2,122,26,23,2,11069.0,False,False,False,False
647101,"Airport Terminal 1, External",139,26,24,3,143.0,True,False,False,False
341501,Silicon Oasis Palace Tower 1,119,26,23,2,10953.0,False,False,False,False
132002,"Hor Al Anz, Roundabout 2",139,26,23,3,1015.0,False,False,False,False
267502,Silicon Oasis Silicon Park 2,122,26,22,2,10563.0,False,False,False,False
170002,Dubai Scout Mission 2,150,26,24,4,717.0,False,False,False,False
207102,Al Jadeed Bakery 2,150,26,24,4,463.0,False,False,False,False
342501,Silicon Oasis SP Oasis 1,119,26,22,2,11133.0,False,False,False,False
687001,Silicon Oasis Avenue Mall 1,119,26,22,2,10909.0,False,True,False,False
687002,Silicon Oasis Avenue Mall 2,122,26,22,2,10888.0,False,True,False,False
290501,Silicon Oasis RAK Bank Headquarter,119,26,22,2,10710.0,False,False,False,False
804001,"Ras Al Khor, Veg. Mkt. Union Coop. Society 1",142,25,29,4,5458.0,False,False,False,False
184101,"Al Nahda, Park 1",137,25,25,2,2284.0,False,False,False,False
100102,"Sharjah, Ithihad Road, Ansar Mall 2",143,25,27,2,3015.0,False,True,False,False
474001,"Jaddaf, Police Officers Club",127,25,20,2,1034.0,False,False,False,False
248101,Belhasa Driving Center,126,25,20,2,1571.0,False,True,False,False
207301,"Al Jaddaf, Binghatti Avenue 1",126,25,21,2,2197.0,False,False,False,False
507501,"Dubai Lagoon, Ewan Residence 1",144,25,27,3,2544.0,False,False,False,False
278101,Dubai Lagoon 1,144,25,27,3,3128.0,False,False,False,False
629001,Telaa Tech Industrial 1,140,25,25,3,1668.0,False,False,False,False
493002,"Wasl, Park 2",141,25,23,3,1675.0,False,False,False,False
203001,Abu Hail Road 1,147,25,27,3,1532.0,False,False,False,False
346501,Emirates Engineering 1,139,25,26,4,799.0,False,False,False,False
170001,Dubai Scout Mission 1,153,25,24,4,659.0,False,False,False,False
134001,Islamic Institute 1,141,25,22,3,819.0,False,False,False,False
895001,Novotel Hotel Stop,111,25,23,3,559.0,False,False,False,False
216002,"Wuhaida, Road 2",145,25,26,4,619.0,False,False,False,False
132001,"Hor Al Anz, Roundabout 1",137,25,23,3,1005.0,False,False,False,False
520101,Dubai Lagoon 2,143,25,27,3,3071.0,False,False,False,False
267501,Silicon Oasis Silicon Park 1,119,25,22,2,10585.0,False,False,False,False
966001,Aden Street 1,134,25,24,4,2715.0,False,False,False,False
947001,Waha Community Center 1,135,25,27,4,2866.0,False,True,False,False
211001,"Muhaisnah 4, Wasl Oasis 2",116,25,18,2,2738.0,False,False,False,False
800001,"Ras Al Khor, Ducamz - 1-1",111,25,26,4,4886.0,False,False,False,False
897001,Damac Park Tower 1,111,25,24,3,452.0,False,False,False,False
173101,Dunes Village 1,145,25,26,3,5242.0,False,False,False,False
528102,"The Green Community, AA Building 2",150,25,28,2,1371.0,False,False,False,False
506502,"Dubai Lagoon, Nibras International School 2",150,25,28,2,1846.0,False,False,False,False
175101,Dubai Pearl Gypsum Industries 1,145,25,26,3,6188.0,False,False,False,False
172102,Pace Food Stuff Trading 2,143,25,27,3,4829.0,False,False,False,False
816501,Bin Juma 6 1,89,25,13,3,1888.0,False,False,False,False
507502,"Dubai Lagoon, Ewan Residence 2",143,24,26,3,2551.0,False,False,False,False
432501,Dubai Production City,133,24,24,1,2707.0,False,False,False,False
100010,Gold Souq Bus Station 10,129,24,22,1,48.0,True,True,False,False
972001,Dutco 1,162,24,27,4,1469.0,False,False,False,False
469501,Dubai Municipaclity Nursery 1,111,24,20,2,10636.0,False,False,False,False
380001,Emirates Transport Driving Institute 1,111,24,20,2,10569.0,False,False,False,False
500002,"Jumeirah, Post Office 2",160,24,24,4,1671.0,False,False,False,False
880001,Dubai Womens College 1,133,24,22,3,1266.0,False,False,False,False
500502,Seven Seas Steel Industries 2,136,24,22,2,1866.0,False,False,False,False
554502,Insulite Block Factory 2,136,24,22,2,1853.0,False,False,False,False
665002,National Cement Corporation Staff Accommodation 2,148,24,26,2,2099.0,False,False,False,False
256105,Al Jafiliya Bus Station 5,135,24,23,1,131.0,True,False,False,False
378002,"Al Qusais, Bus Station 2",133,24,22,1,3446.0,False,False,False,False
906001,Emirates Tower 2,110,24,22,3,726.0,False,False,False,False
273001,Traffic Police Department 1,139,24,21,4,765.0,False,False,False,False
664002,7 Up Staff Accommodation 2,148,24,26,2,2372.0,False,False,False,False
114502,Manama Road 4-2,153,24,26,4,7697.0,False,False,False,False
122101,"Muhaisnah 2, Grand City Mall 1",166,24,27,3,3074.0,False,True,False,False
555502,Dubai Contracting Labour Camp 2,136,24,22,2,1697.0,False,False,False,False
332502,Dubai Academic City 1-2,116,24,21,2,11509.0,False,False,False,False
447102,Al Noor Building 2,119,24,16,2,2685.0,False,False,False,False
324002,Damascus Road 4-2,135,24,22,3,2519.0,False,False,False,False
519002,"Wasl, Masjid 2",127,24,19,3,549.0,False,False,False,False
380002,Emirates Transport Driving Institute 2,110,24,19,2,10572.0,False,False,False,False
469502,Dubai Municipaclity Nursery 2,110,24,19,2,10603.0,False,False,False,False
520002,"Wasl, School 2",127,24,19,3,958.0,False,False,False,False
483102,"International City, Persia M03-2",135,24,26,2,8185.0,False,False,False,False
244102,"Al Quoz, Emirates Glass 2",138,24,22,3,2280.0,False,False,False,False
289501,"Muhaisnah 2, Madina Supermarket 1",141,23,22,2,2689.0,False,True,False,False
530102,Union Residence 2,127,23,22,3,473.0,False,False,False,False
674001,Al Quoz Depot 1,139,23,23,3,2801.0,False,False,False,False
465501,8 Boulevard Walk Tower 1,102,23,25,2,789.0,False,False,False,False
567501,Mall of the Emirates Bus Station 1,142,23,22,2,71.0,True,True,False,False
238502,Naif Park 2,125,23,21,3,412.0,False,False,False,False
202001,"Abu Hail, Masjid 1",135,23,21,3,1277.0,False,False,False,False
179104,"Al Quoz, Bus Station 4",137,23,24,2,976.0,False,False,False,False
236001,Gulf & Safa Dairies 1,146,23,22,4,677.0,False,False,False,False
662002,Gold & Diamond Park 2,147,23,24,3,378.0,False,False,False,False
263502,"Muhaisnah 2, Galadari Labour Camp 2",141,23,23,2,2304.0,False,False,False,False
285002,"Al Twar 1, Emarat Pertol Stn-Al Mawred 2",142,23,26,3,479.0,False,False,False,False
524501,Uptown Mirdif 1,132,23,24,4,3237.0,False,False,False,False
366001,"Mirdiff, Private School 1",132,23,25,4,3378.0,False,False,False,False
340501,Silicon Oasis Lake 1,117,23,21,2,11071.0,False,False,False,False
432002,Centre Point Shopping Centre 2,145,23,26,3,543.0,False,True,False,False
262502,"Ajman, Al Musallah Bus Station",147,23,23,2,1020.0,False,False,False,False
123005,Union Bus Station 5,165,23,29,1,201.0,False,False,False,False
155001,Al Rigga Metro Bus Stop 1,137,23,23,2,81.0,True,False,True,True
636001,"Hilton Jumeirah Hotel, Accomodation",138,23,23,3,2752.0,False,False,False,False
260001,Rashidiya 1-1,107,23,21,2,1182.0,False,False,False,False
270101,"Al Warsan 3, RTA Staff Accommodation 1",111,23,21,2,10789.0,False,False,False,False
273002,Traffic Police Department 2,138,23,23,4,876.0,False,False,False,False
378008,"Al Qusais, Bus Station 8",125,23,21,1,3459.0,False,False,False,False
299502,"Dubai Outsource City, Arab Company 2",115,23,24,2,11964.0,False,False,False,False
121001,"Deira, Taxi Station 1",129,23,21,3,319.0,False,False,False,False
879001,Ministry Of Human Resources & Emiratisation 1,125,23,21,3,975.0,False,False,False,False
677001,"Al Quoz, Emirates Glass 1",137,23,24,3,2381.0,False,False,False,False
120001,"Deira, Beniyas Square 1",114,22,21,3,138.0,True,False,False,False
491001,Mahboubi Clinic 1,125,22,21,3,1879.0,False,False,False,False
488002,Hassa Bint Al Murr Masjid 2,147,22,26,2,2154.0,False,False,False,False
603102,"Sports City, Dubai Sports City Offices 2",128,22,25,3,6084.0,False,False,False,False
197002,Abu Hail Center 2,136,22,21,3,398.0,False,True,False,False
702501,"Al Qusais Ind Area 3, Atiq Abdullah Flour Mill 1",111,22,20,1,3279.0,False,False,False,False
269001,Rashidiya 3,109,22,19,2,855.0,False,False,False,False
426501,"Mirdiff, 20D Street",139,22,25,4,2585.0,False,False,False,False
122102,"Muhaisnah 2, Grand City Mall 2",141,22,22,2,3092.0,False,True,False,False
215121,Etisalat Bus Station 21,142,22,25,1,189.0,True,False,False,False
209201,Oud Metha Bus Station 1,131,22,19,1,269.0,False,False,False,False
617002,"Muhaisnah 2, Pioneer Labour Camp 2",141,22,22,2,2020.0,False,False,False,False
389001,Silicon Oasis Lagoon,117,22,22,2,9762.0,False,False,False,False
371001,"Muhaisnah 2, Al Ghandi Labour Camp",141,22,22,2,1857.0,False,False,False,False
903506,Ibn Battuta Bus Station 6,116,22,20,1,53.0,True,False,False,False
268001,Umm Hani School 1,109,22,19,2,1065.0,False,False,False,False
620001,"Muhaisnah 2, Gargash Labour Camp",142,22,22,2,1885.0,False,False,False,False
283501,"Al Quoz, Emirates Post Office 1",126,22,23,2,2080.0,False,False,False,False
800002,"Ras Al Khor, Ducamz - 1-2",101,22,19,3,4855.0,False,False,False,False
262001,"Rashidiya, Park 1",109,22,19,2,630.0,False,False,False,False
137201,,123,22,22,1,174.0,True,False,False,False
121102,"Muhaisnah 2, Bu Haleeba Contracting Camp 2",141,22,22,2,2880.0,False,False,False,False
161502,Deira City Center Bus Station 2,121,22,23,1,255.0,False,True,False,False
158001,"Deira, Abu Hail Park 4 1",135,22,22,3,1285.0,False,False,False,False
601102,"Sports City, Victory Heights East Gate 2",128,22,25,3,6138.0,False,False,False,False
604102,"Sports City, Golf Tower 2",128,22,24,3,4842.0,False,False,False,False
148001,Hamarain Center 1,139,22,22,4,655.0,False,True,False,False
701501,Al Qusais Depot Entrance 1,111,22,21,1,3459.0,False,False,False,False
602102,"Sports City, Dubai Cricket Stadium 2",128,22,25,3,6205.0,False,False,False,False
675001,Habtoor Equipment Corporation 1,137,22,24,3,2541.0,False,False,False,False
173501,"Al Quoz, T. Choithram Stores 1",137,22,23,3,2850.0,False,False,False,False
152002,Al Bakhit Center 2,140,22,22,4,628.0,False,True,False,False
229102,"Abu Hail, Masjid 2",130,22,20,3,1430.0,False,False,False,False
793002,Ras Al Khor 2-2,101,22,19,3,2785.0,False,False,False,False
452002,Etihad Museum 2,125,21,20,3,2261.0,False,False,False,False
209206,Oud Metha Bus Station 6,67,21,20,1,312.0,False,False,False,False
729501,Discovery Garden 14-1,112,21,21,2,465.0,False,False,False,False
728501,Discovery Garden 13,112,21,20,2,503.0,False,False,False,False
864502,"Al Badia Residence 1&8, A2-2",123,21,21,3,1708.0,False,False,False,False
737501,"Al Badia, Hillside Village A-1",123,21,21,3,1304.0,False,False,False,False
793001,Ras Al Khor 2-1,96,21,19,3,2748.0,False,False,False,False
242001,Nadd Al Hamar Road 1,104,21,19,4,1382.0,False,False,False,False
263501,"Muhaisnah 2, Galadari Labour Camp 1",142,21,22,2,2267.0,False,False,False,False
799001,Ras Al Khor 7-1,96,21,19,3,3638.0,False,False,False,False
796001,Ras Al Khor 4-1,96,21,19,3,2546.0,False,False,False,False
733001,"Jebel Ali Free Zone, Roundabout 12-A",119,21,21,2,3755.0,False,False,False,False
935001,Dubai Polo Club,118,21,22,3,2666.0,False,False,False,False
573201,International City Bus Station 1,108,21,21,1,6723.0,False,False,False,False
817501,"Al Nahda 1, Medical Fitness Centre 1",56,21,0,2,1660.0,False,True,False,False
180101,Memorial Plaza,114,21,21,3,275.0,False,True,False,False
701502,Al Qusais Depot Entrance 2,108,21,21,1,3460.0,False,False,False,False
703502,"Al Qusais Industrial Area 3, Masjid Mustaqeem 2",108,21,21,1,3419.0,False,False,False,False
702502,"Al Qusais Ind Area 3, Atiq Abdullah Flour Mill 2",108,21,21,1,3307.0,False,False,False,False
201001,"Abu Hail, Roundabout 1",127,21,22,3,701.0,False,False,False,False
160101,Discovery Garden 16-1,112,21,21,2,305.0,False,False,False,False
956001,"Ras Al Khor, Rahmani Trdg.",101,21,19,3,2908.0,False,False,False,False
796002,Ras Al Khor 4-2,101,21,19,3,2552.0,False,False,False,False
624001,Oasis Village 1,123,21,22,3,1971.0,False,False,False,False
638501,"Muhaisnah 2, 6th Street",142,21,23,2,1972.0,False,False,False,False
122001,"Muhaisnah 2, Medical Centre",142,21,22,2,2223.0,False,True,False,False
617001,"Muhaisnah 2, Pioneer Labour Camp 1",142,21,22,2,2026.0,False,False,False,False
802001,"Ras Al Khor, Comm. Complex 1",94,21,22,3,4094.0,False,False,False,False
803002,"Ras Al Khor, Veg. Mkt. 2",97,21,20,3,5345.0,False,False,False,False
503009,"Satwa, Bus Station 9",154,21,18,1,1164.0,False,False,False,False
148002,Hamarain Center 2,140,21,22,4,432.0,False,True,False,False
227102,"Deira, Abu Hail Park 4 2",130,21,21,3,1317.0,False,False,False,False
888806,Dubai Mall Bus Stop 6,131,21,19,1,1291.0,False,True,False,False
370001,"Muhaisnah 2, 7th Street-2",141,21,22,2,1719.0,False,False,False,False
332501,Dubai Academic City 1-1,117,21,24,2,11551.0,False,False,False,False
267001,Rashidiya 2,109,21,19,2,1446.0,False,False,False,False
201002,"Abu Hail, Roundabout 2",129,20,21,3,774.0,False,False,False,False
231001,Bustan Rotana Hotel 1,120,20,19,2,475.0,False,False,False,False
361002,"Al Nahda 1, Fatma Mohammad Masjid 2",75,20,14,2,2056.0,False,False,False,False
549001,City Walk 1,131,20,21,3,1093.0,False,False,False,False
142501,Axis 4 Residence,83,20,16,2,10580.0,False,False,False,False
169002,"Hor Al Anz, Mashreq Bank 2",118,20,18,3,261.0,False,False,False,False
143501,Silicon Oasis Masjid 1,83,20,15,2,10715.0,False,False,False,False
373501,Union Metro Bus Stop 3-1,111,20,21,3,139.0,True,False,False,False
797001,Ras Al Khor 5-1,96,20,19,3,3217.0,False,False,False,False
467002,World Trade Centre Hotel 2,116,20,20,3,620.0,False,True,False,False
104001,Emirates NBD-1,118,20,19,3,244.0,False,False,False,False
214501,"The Greens, Terminus",108,20,18,2,610.0,False,False,False,False
205001,"Hamriya, Port 1",127,20,22,3,1347.0,False,False,False,False
702102,Dubai Fountain Street 2,77,20,20,2,661.0,False,False,False,False
904502,"Dubai Production City, The Crescent, Tower 2",128,20,25,3,4234.0,False,False,False,False
113102,"Dubai Production City, City Centre Meaisem 2",128,20,25,3,4224.0,False,True,False,False
611104,Business Bay 2 Bus Station 4,67,20,22,1,388.0,False,False,False,False
605102,"Sports City, Victory Heights West Gate 2",128,20,24,3,4841.0,False,False,False,False
348501,"Hamriya Port, Control Tower 1",141,20,25,2,2505.0,False,False,False,False
385029,Al Ghubaiba Bus Station 29,108,20,19,1,319.0,False,False,False,False
133501,"Al Quoz, Clinical Pathology Services 1",125,20,20,2,2605.0,False,False,False,False
374001,"Muhaisnah 2, Madina Supermarket 2",142,20,22,2,2533.0,False,True,False,False
207101,Al Jadeed Bakery 1,120,20,19,3,406.0,False,False,False,False
639501,"Dubai Festival City, Marks & Spencer 1",123,20,22,3,458.0,False,False,False,False
385025,Al Ghubaiba Bus Station 25,104,20,21,2,301.0,False,False,False,False
452201,"Dubai Festival City, Holiday Inn",123,20,21,3,998.0,False,False,False,False
411001,Rais Center,125,20,19,2,488.0,False,True,False,False
126002,Al Sabkha Marine Bus Stop 2,118,20,20,3,139.0,True,False,False,False
124001,"Deira, Beniyas Road 1",118,20,20,3,246.0,False,False,False,False
649101,Dubai Natural Gas Co Limited,112,20,17,2,2111.0,False,False,False,False
844501,"Muhaisnah 1, Islamic School 1",113,20,19,3,1926.0,False,False,False,False
179110,"Al Quoz, Bus Station 10",104,20,21,2,995.0,False,False,False,False
130501,"Al Quoz, Yusuf Motors 2",104,20,22,2,266.0,False,False,False,False
123008,Union Bus Station 8,115,19,18,1,159.0,True,False,False,False
449101,Ahli House 1,105,19,16,2,3040.0,False,False,False,False
209208,Oud Metha Bus Station 8,92,19,12,1,329.0,False,False,False,False
444001,Lamcy Plaza 1,110,19,16,3,1303.0,False,True,False,False
105001,"Deira, Old Souq 1",118,19,19,3,62.0,True,True,False,False
421002,"Karama, Commercial Center 2",108,19,18,3,734.0,False,True,False,False
467001,World Trade Centre Hotel 1,114,19,17,3,525.0,False,True,False,False
103001,"Al Ras, Public Library",118,19,18,3,231.0,False,False,False,False
250001,"Rashidiya, Police Station 1",117,19,19,4,721.0,False,False,False,False
261001,"Rashidiya, Emarat Petrol Station",117,19,19,4,1138.0,False,False,False,False
441001,American Hospital 1,110,19,16,3,996.0,False,False,False,False
467101,Sunrise City Supermarket 1,110,19,16,3,1172.0,False,True,False,False
801002,"Ras Al Khor, Ducamz - 2-2",89,19,20,3,5369.0,False,False,False,False
504502,"The Green Community, Main Gate Entrance 2",106,19,20,1,676.0,False,False,False,False
505502,"The Green Community, Choithram Supermarket 2",106,19,20,1,941.0,False,True,False,False
230102,Dubai Folklore Theatre 2,112,19,18,3,1196.0,False,False,False,False
318701,"International City, Rivera Dreams Apartments 1-1",108,19,20,2,7014.0,False,False,False,False
567507,Mall of the Emirates Bus Station 7,102,19,17,1,46.0,True,True,False,False
429001,"Umm Hurair, Road 1-1",114,19,17,3,648.0,False,False,False,False
448101,Al Hawai Twin Towers,105,19,16,2,2871.0,False,False,False,False
429002,"Umm Hurair, Road 1-2",116,19,16,3,856.0,False,False,False,False
567508,Mall of the Emirates Bus Station 8,94,19,16,1,72.0,True,True,False,False
604501,Al Garhoud Metro Bus Stop 1,105,19,18,1,25.0,True,False,False,False
132101,Al Karama Bus Station 1,86,19,12,1,889.0,False,False,False,False
413102,Bloom World Academy 2,105,19,19,2,5767.0,False,False,False,False
755002,Aster Cedars Hospital 2,113,19,18,2,1642.0,False,False,False,False
503012,"Satwa, Bus Station 12",121,18,22,1,1172.0,False,False,False,False
528101,"The Green Community, AA Building 1",98,18,19,2,1369.0,False,False,False,False
123010,Union Bus Station 10,102,18,16,1,143.0,True,False,False,False
132103,Al Karama Bus Station 3,98,18,18,1,896.0,False,False,False,False
506501,"Dubai Lagoon, Nibras International School 1",98,18,19,2,1900.0,False,False,False,False
260002,Rashidiya 1-2,117,18,19,4,1312.0,False,False,False,False
872001,"Al Quoz, Pure Water Filling Company 2",95,18,15,2,717.0,False,False,False,False
510002,"Wasl, Emirates Bank 2",114,18,18,3,1532.0,False,False,False,False
503011,"Satwa, Bus Station 11",55,18,16,1,1169.0,False,False,False,False
457001,Jumeirah Rotana Hotel 1,120,18,19,3,1735.0,False,False,False,False
203101,Sharaf DG Metro Bus Stop 2-1,126,18,19,2,140.0,True,False,False,False
801001,"Ras Al Khor, Ducamz - 2-1",87,18,20,3,5326.0,False,False,False,False
318601,"International City, Trafalgar Tower 1",108,18,20,2,7497.0,False,False,False,False
643502,Downtown Mirdiff Gate 1-2,107,18,20,3,3014.0,False,False,False,False
199501,,121,18,18,1,25.0,True,False,False,False
644502,Downtown Mirdiff Gate 2-2,107,18,20,3,3436.0,False,False,False,False
990001,Algeria Road 6-1,106,18,17,2,2987.0,False,False,False,False
338502,,73,18,13,1,12001.0,False,False,False,False
351501,"Hamriya Port,Sheikh Almar Masjid 1",116,18,19,3,1776.0,False,False,False,False
123004,Union Bus Station 4,55,18,17,1,203.0,False,False,False,False
502002,"Hudheiba, Road 2",85,18,11,2,1498.0,False,False,False,False
844502,"Muhaisnah 1, Islamic School 2",113,18,20,3,1854.0,False,False,False,False
659002,Al Quoz Mall 2,98,18,18,2,1571.0,False,True,False,False
641002,"Mina Al Siyahi, Le Meridien Hotel 2",140,18,18,2,378.0,False,False,False,False
856001,ETA SwitchGear Manufacturing 2,98,18,17,2,1266.0,False,False,False,False
660002,ETA Profiles 2,98,18,17,2,1340.0,False,False,False,False
157501,Beirut Road 2-1,112,18,17,2,710.0,False,False,False,False
611101,Business Bay 2 Bus Station 1,106,18,18,1,373.0,False,False,False,False
208001,"Al Mamzar, Century Mall 1",112,18,19,3,1350.0,False,True,False,False
902001,Nadd Al Hamar Terminus,114,18,18,1,4577.0,False,False,False,False
302203,Onpassive Metro Bus Stop Landside 3,100,18,18,1,69.0,True,False,False,False
256102,Al Jafiliya Bus Station 2,61,18,9,1,112.0,True,False,True,True
855001,"Al Quoz, Al Shamsi Steel Manufacturing Co 1",101,18,16,2,2136.0,False,False,False,False
448002,Hudheiba 2,125,17,17,3,1970.0,False,False,False,False
175102,Dubai Pearl Gypsum Industries 2,99,17,18,2,6195.0,False,False,False,False
657002,Classic Crystal 2,89,17,14,2,1595.0,False,False,False,False
413101,Bloom World Academy 1,105,17,19,2,5783.0,False,False,False,False
209501,"Mizhar 1, Masjid Shaikha Latifa Bint Manea",79,17,15,1,6212.0,False,False,False,False
752502,Capital Hotel 2,125,17,17,3,1934.0,False,False,False,False
126101,"Muhaisnah 2, Etisalat Academy",79,17,14,1,1241.0,False,False,False,False
176102,Corro Tech Staff Accommodation 2,99,17,19,2,5954.0,False,False,False,False
100004,Gold Souq Bus Station 4,110,17,20,1,74.0,True,True,False,False
649001,Emaar South Entrance 1,85,17,17,1,11080.0,False,False,False,False
649202,Emaar South Entrance 2,85,17,17,1,11398.0,False,False,False,False
107001,"Sabkha, Turnoff",100,17,16,2,483.0,False,False,False,False
180002,Hor Al Anz 2-2,90,17,17,2,693.0,False,False,False,False
891001,Hor Al Anz 4,90,17,16,2,775.0,False,False,False,False
892001,Hor Al Anz 5,90,17,16,2,1066.0,False,False,False,False
182002,Omer Bin Al Khattab School 2,90,17,17,2,337.0,False,False,False,False
195503,Abu Hail Bus Station 3,98,17,18,1,86.0,True,False,False,False
318101,Petron Emirates Accommodation,93,17,14,1,4734.0,False,False,False,False
176001,"Hor Al Anz, Civil Defence",87,17,15,2,796.0,False,False,False,False
164001,"Abu Hail, EPPCO",90,17,16,2,1331.0,False,False,False,False
165001,"Hamriya, Park",90,17,16,2,1348.0,False,False,False,False
183001,Sadaa School 1,90,17,17,2,669.0,False,False,False,False
184001,Sadaa School 2,90,17,17,2,680.0,False,False,False,False
181002,Safiya Housing 2,90,17,17,2,669.0,False,False,False,False
890002,Hor Al Anz 3-2,90,17,17,2,818.0,False,False,False,False
174101,Fastner World International 1,98,17,19,2,5861.0,False,False,False,False
238501,Naif Park 1,82,17,14,2,379.0,False,False,False,False
177001,Hor Al Anz Post Office,87,17,16,2,506.0,False,False,False,False
427901,"Mirdiff, 78th Street 3",106,17,17,2,5000.0,False,False,False,False
319101,Emirates Code Contracting Labour Camp,93,17,14,1,4563.0,False,False,False,False
175001,Hor Al Anz Street,87,17,15,2,991.0,False,False,False,False
224501,Jebel Ali Horse Racecourse 1,92,17,14,2,1053.0,False,False,False,False
961505,Rashidiya Bus Station Gate 5,78,17,16,1,71.0,True,False,False,False
573203,International City Bus Station 3,110,17,19,1,6714.0,False,False,False,False
526102,Rig Metal Inds 2,90,17,15,2,1649.0,False,False,False,False
960501,"Rashidiya Ibraheem Khaleel Masjid, Street 11",76,17,15,1,1237.0,False,False,False,False
355201,The Philippine School Muhaisnah 1,79,17,14,1,1669.0,False,False,False,False
319001,"International City, Dragon Mart Main Entrance",107,17,18,3,6484.0,False,False,False,False
152601,Al Badia Residences Building 10,98,17,18,2,1906.0,False,False,False,False
752501,Capital Hotel 1,125,17,18,3,1943.0,False,False,False,False
491101,Al Madar Scala Tower 2,62,17,10,1,329.0,False,False,False,False
276901,Al Twar Dialysis Center 1,101,17,16,1,693.0,False,True,False,False
964501,"Rashidiya, Street 11, Saud Al Mulla Masjid",76,17,16,1,1419.0,False,False,False,False
958501,Rashidiya 2A Street,76,17,16,1,1424.0,False,False,False,False
965501,"Rashidiya, Street 2A, Mariam Masjid",76,17,16,1,1311.0,False,False,False,False
133001,Rasheed Road 1,98,17,16,2,790.0,False,False,False,False
189002,Flame Intersection 2,128,17,18,3,434.0,False,False,False,False
527102,Sun Rise Metal Coting 2,90,17,16,2,2235.0,False,False,False,False
464001,"Sport City, Arena Tower",92,17,18,2,6192.0,False,False,False,False
927501,DMCC Metro Bus Stop Landside 1,78,17,18,1,55.0,True,False,False,False
245101,Sobha Realty Metro Bus Stop Landside,78,17,18,1,61.0,True,False,False,False
385023,Al Ghubaiba Bus Station 23,97,17,20,1,293.0,False,False,False,False
177102,JRD International Staff Accommodation 2,99,17,19,2,5648.0,False,False,False,False
967501,"Rashidya, Street 11",76,17,15,1,1003.0,False,False,False,False
408501,"Mirdiff, ETISALAT Tower 1",95,17,18,3,3493.0,False,False,False,False
348002,Imam Abu Hanifa Masjid 2,107,17,20,3,2652.0,False,False,False,False
338501,,73,17,14,1,11935.0,False,False,False,False
472001,Police Stadium,98,17,18,2,653.0,False,False,False,False
710001,Jebel Ali Gardens 4,94,16,16,2,908.0,False,False,False,False
709001,Jebel Ali Gardens 3,94,16,17,2,593.0,False,False,False,False
706001,Jebel Ali Gardens 1,94,16,17,2,718.0,False,False,False,False
355102,"Muhaisnah 1, Etihad Mall 2",101,16,17,2,2906.0,False,True,False,False
355101,"Muhaisnah 1, Etihad Mall 1",101,16,17,2,2783.0,False,True,False,False
551502,Sobha Contracting Labour Camp 2,90,16,15,2,2564.0,False,False,False,False
116002,Maktoum Heritage Souq 2,91,16,15,2,424.0,False,True,False,False
708001,Jebel Ali Gardens 2,94,16,17,2,480.0,False,False,False,False
341001,Al Qusais Industrial Area 4 - A,95,16,18,2,3682.0,False,False,False,False
642602,"Mirdif, Sport Society 2",107,16,21,3,2072.0,False,False,False,False
342001,Al Qusais Industrial Area 4 - B,95,16,18,2,3718.0,False,False,False,False
135001,"Baraha, Eid Musallah 1",94,16,15,2,1072.0,False,False,False,False
265001,Rashidiya 4,76,16,16,1,1011.0,False,False,False,False
266001,Rashidiya 5,76,16,16,1,1268.0,False,False,False,False
258002,Jassmi Masjid 2,76,16,15,1,1266.0,False,False,False,False
646001,Al Quoz Industrial Area 3,89,16,15,2,2372.0,False,False,False,False
491002,Mahboubi Clinic 2,91,16,16,2,1904.0,False,False,False,False
482102,"International City, Persia O02-2",96,16,18,2,7816.0,False,False,False,False
212102,"Ras Al Khor, Veg. Mkt. Delmonte Foods 2",96,16,17,2,5845.0,False,False,False,False
207002,"Hamriya, Clinic 2",81,16,15,2,1816.0,False,False,False,False
252101,"Muhaisnah 2, Ministry of Health",79,16,14,1,911.0,False,False,False,False
129702,Glamz Residence Tower 2 2,88,16,17,2,444.0,False,False,False,False
211102,"Ras Al Khor, Veg. Mkt. Customs Office 2",96,16,17,2,5697.0,False,False,False,False
554002,"Safa, Safest Way 2",74,16,12,2,655.0,False,False,False,False
264001,"Rashidiya, Clinic",76,16,16,1,787.0,False,False,False,False
355202,The Philippine School Muhaisnah 2,79,16,14,1,1648.0,False,False,False,False
126201,Ministry of Human Resources & Emiratisation HQ,79,16,14,1,1034.0,False,False,False,False
556001,"Safa, Lufthansa 1",74,16,12,2,245.0,False,False,False,False
552001,"Emarat, Headquarters",86,16,14,2,475.0,False,False,False,False
120501,"Sports City, ICC Office 1",92,16,18,2,6586.0,False,False,False,False
666002,Atlas Marine Service 2,99,16,15,1,1931.0,False,False,False,False
567503,Mall of the Emirates Bus Station 3,89,16,12,1,52.0,True,True,False,False
258001,Jassmi Masjid 1,77,16,15,1,1288.0,False,False,False,False
215123,Etisalat Bus Station 23,79,16,15,1,192.0,True,False,False,False
262002,"Rashidiya, Park 2",76,16,16,1,493.0,False,False,False,False
257001,Fatima English School 1,77,16,16,1,1059.0,False,False,False,False
249001,"Rashidiya, Shopping Center",77,16,16,1,943.0,False,True,False,False
251001,"Nad Rashid, Souq 1",77,16,16,1,777.0,False,True,False,False
256001,"Rashidiya, Qutami Masjid",77,16,16,1,767.0,False,False,False,False
642502,Mirdiff City Centre 2,107,16,20,3,2393.0,False,True,False,False
671001,"Al Quoz, Falaknaz 1",95,16,14,2,763.0,False,False,False,False
499001,"Safa, Emarat Petrol Stn.",94,16,17,2,1628.0,False,False,False,False
536002,"Wasl Road, Box Park 1-2",94,16,17,2,1498.0,False,False,False,False
669002,"Al Quoz, Gargash 2",97,16,17,2,1858.0,False,False,False,False
671002,"Al Quoz, Falaknaz 2",97,16,16,2,687.0,False,False,False,False
672002,"Al Quoz, Technical Resources Est 2",97,16,16,2,1207.0,False,False,False,False
536001,"Wasl Road, Box Park 1-1",95,16,17,2,1565.0,False,False,False,False
123003,Union Bus Station 3,79,16,15,1,207.0,False,False,False,False
195502,Abu Hail Bus Station 2,79,16,15,1,70.0,True,False,False,False
146001,Burj Nahar Mall 1,79,16,16,1,457.0,False,True,False,False
664101,"Al Maktoum International Airport, Arrivals",122,16,16,2,8735.0,False,False,False,False
552502,Depa Contracting Labour Camp 2,90,16,15,2,2286.0,False,False,False,False
466001,"Sport City, Royal Residence 1",92,16,18,2,6154.0,False,False,False,False
464501,"Sport City, European Building",92,16,18,2,6285.0,False,False,False,False
465001,"Sport City, Grand Horizon 2",92,16,18,2,6224.0,False,False,False,False
500001,"Jumeirah, Post Office 1",113,16,17,3,1697.0,False,False,False,False
672001,"Al Quoz, Technical Resources Est 1",95,16,15,2,1244.0,False,False,False,False
494102,Clayton Residency 2,62,16,11,1,643.0,False,False,False,False
522102,Volante Dubai Tower 2,62,16,11,1,227.0,False,False,False,False
131001,"Baraha, Street 1",94,16,16,2,1149.0,False,False,False,False
100008,Gold Souq Bus Station 8,87,16,12,1,56.0,True,True,False,False
236501,"The Sustainable City, Main Entrance",98,16,18,2,11220.0,False,False,False,False
239501,"Arabian Ranches 2, Main Entrance",98,16,18,2,10839.0,False,False,False,False
852001,"Al Quoz, Cemex RMC Topmix 1",99,16,17,2,1561.0,False,False,False,False
178001,Hor Al Anz 1,87,16,16,2,468.0,False,False,False,False
182001,Omer Bin Al Khattab School 1,87,16,17,2,378.0,False,False,False,False
890001,Hor Al Anz 3-1,87,16,16,2,832.0,False,False,False,False
584001,"Dubai Outsource City, DIAC Homes 1",76,16,16,1,11703.0,False,False,False,False
224502,Jebel Ali Horse Racecourse 2,91,16,14,2,1050.0,False,False,False,False
180001,Hor Al Anz 2-1,87,16,16,2,680.0,False,False,False,False
467501,"Sport City, Shami Tower",92,16,18,2,6424.0,False,False,False,False
816602,Al Nahda Taweej 2,42,16,0,2,1409.0,False,False,False,False
181001,Safiya Housing 1,87,16,16,2,599.0,False,False,False,False
438501,Dubai Production City Accomodation 1,88,16,16,1,3027.0,False,False,False,False
439501,Dubai Production City Accomodation 2,88,16,16,1,3103.0,False,False,False,False
172201,"Gulf News, DIP",89,16,17,1,3719.0,False,False,False,False
437501,Dubai Production City A Street 1,88,16,16,1,2818.0,False,False,False,False
174102,Fastner World International 2,97,16,19,2,5811.0,False,False,False,False
160002,Ittehad School 2,101,16,16,2,822.0,False,False,False,False
973501,Equiti Metro Bus Stop Seaside,85,15,18,1,99.0,True,False,False,False
654002,Umm Sheif 2,89,15,16,2,1190.0,False,False,False,False
652002,TV Relay Station 2,89,15,16,2,1409.0,False,False,False,False
614002,Thanaya Junction 2,89,15,16,2,1677.0,False,False,False,False
484001,Century Plaza 2,90,15,15,2,2272.0,False,True,False,False
599002,"Ghadeer, Emarat 2",89,15,16,2,1469.0,False,False,False,False
600002,"Safa, Veterinary Clinic 2",89,15,16,2,1743.0,False,False,False,False
567505,Mall of the Emirates Bus Station 5,108,15,20,1,50.0,True,True,False,False
179103,"Al Quoz, Bus Station 3",92,15,14,1,1020.0,False,False,False,False
385043,Al Ghubaiba Bus Station 43,92,15,13,1,386.0,False,False,False,False
197001,Abu Hail Center 1,100,15,16,2,336.0,False,True,False,False
137501,"Al Badia, Deira International School 1",93,15,15,2,2388.0,False,False,False,False
133502,"Al Quoz, Clinical Pathology Services 2",89,15,13,2,2917.0,False,False,False,False
162001,Majid English School 1,80,15,13,2,1243.0,False,False,False,False
487002,Mercato Shopping Mall 2,90,15,16,2,2448.0,False,True,False,False
451101,Desert Group Building 4,91,15,17,1,2465.0,False,False,False,False
493501,Wasl Park Terminus,97,15,18,1,1471.0,False,False,False,False
132105,Al Karama Bus Station 5,88,15,12,1,902.0,False,False,False,False
128101,Cargo Village Gate,88,15,13,1,677.0,False,False,False,False
159001,Hamriya Shopping Center 1,100,15,16,2,1046.0,False,True,False,False
611103,Business Bay 2 Bus Station 3,86,15,15,1,383.0,False,False,False,False
172401,Dragon Mart 1 External,97,15,18,2,6385.0,False,False,False,False
275002,"Al Twar 1, Intersection 2",94,15,16,3,1160.0,False,False,False,False
346502,Emirates Engineering 2,88,15,14,2,830.0,False,False,False,False
434701,"Dubai Production City, Entrance 1 1",90,15,19,2,2816.0,False,False,False,False
436501,Publishing Pavilion Building 1,90,15,19,2,3311.0,False,False,False,False
497101,"Dubai World Central, Cargo Terminal A",85,15,15,1,8536.0,False,False,False,False
434502,"Dubai Production City, Entrance 2 2",90,15,18,2,2219.0,False,False,False,False
435501,Qasr Sabah 1,90,15,19,2,3350.0,False,False,False,False
142001,Abu Baker Al Siddique Road 1,96,15,16,3,733.0,False,False,False,False
673001,"Al Quoz, Nabooda Cars 1",95,15,15,2,1624.0,False,False,False,False
498001,Police Training School,113,15,17,3,1687.0,False,False,False,False
972501,"Al Barsha Heights, Saleh Bin Lahej Building 1",77,15,12,2,406.0,False,False,False,False
773004,"Jebel Ali, Bus Station 4",79,15,16,1,4730.0,False,False,False,False
908101,"Nad Al Shiba, Avenue Mall",80,15,14,2,6695.0,False,True,False,False
152501,"Al Badia, Residences 1",93,15,15,2,2189.0,False,False,False,False
851501,"Al Quoz, Azzani Ready Mix 1",99,15,17,2,853.0,False,False,False,False
527001,Ghaya Residence,77,15,11,2,255.0,False,False,False,False
541102,"Jumeirah University 2, Latifa Bint Hamdan Street",82,15,14,2,2720.0,False,False,False,False
673002,"Al Quoz, Nabooda Cars 2",97,15,17,2,1571.0,False,False,False,False
101501,"Al Quoz, AST Company 1",85,15,16,2,2041.0,False,False,False,False
150002,The Center 2,96,15,15,3,380.0,False,True,False,False
340502,Silicon Oasis Lake 2,80,15,16,2,11069.0,False,False,False,False
903508,Ibn Battuta Bus Station 8,109,15,18,1,82.0,True,False,False,False
139501,"Abu Dhabi, Samha 1",98,15,16,2,47748.0,False,False,False,False
125201,"Abu Dhabi, Shahama Village",98,15,17,2,61793.0,False,False,False,False
162002,Majid English School 2,82,15,14,2,1223.0,False,False,False,False
737502,"Al Badia, Hillside Village A-2",93,15,16,2,1310.0,False,False,False,False
864501,"Al Badia Residence 1&8, A2-1",93,15,16,2,1699.0,False,False,False,False
152502,"Al Badia, Residences 2",93,15,16,2,2196.0,False,False,False,False
137502,"Al Badia, Deira International School 2",93,15,15,2,2408.0,False,False,False,False
166002,Abu Hail 2,82,15,14,2,700.0,False,False,False,False
171002,"Abu Hail, Masjid Ashram 2",82,15,14,2,1008.0,False,False,False,False
171001,"Abu Hail, Masjid Ashram 1",80,15,13,2,1073.0,False,False,False,False
120002,"Deira, Beniyas Square 2",79,15,14,2,150.0,True,False,False,False
165501,"Muhaisnah 2, Abella Camp 1",96,15,16,3,4123.0,False,False,False,False
681502,"Sharjah, Mamzar 9-2",70,15,14,2,2885.0,False,False,False,False
166001,Abu Hail 1,80,15,14,2,683.0,False,False,False,False
503005,"Satwa, Bus Station 5",80,15,14,1,1207.0,False,False,False,False
227001,"Mamzar, Beach Park Terminus",91,15,15,2,1800.0,False,False,False,False
138501,"Al Badia, Entrance 1",93,15,16,2,2639.0,False,False,False,False
222102,Dubai Hospital 2,81,15,15,2,577.0,False,False,False,False
138502,"Al Badia, Entrance 2",93,15,15,2,2639.0,False,False,False,False
363001,BurJuman Metro Bus Stop 4-1,103,15,19,2,94.0,True,True,False,False
378007,"Al Qusais, Bus Station 7",82,15,14,1,3472.0,False,False,False,False
613002,"Wasl, Road 7-2",89,14,16,2,1870.0,False,False,False,False
452001,Etihad Museum 1,89,14,16,2,2279.0,False,False,False,False
481001,"Jumeirah, Grand Masjid 1",100,14,20,3,2266.0,False,False,False,False
135101,"Al Barsha Heights, Mazoon Hotel & Apartments 1",77,14,15,2,468.0,False,False,False,False
612002,"Wasl, Road 6-2",89,14,16,2,2062.0,False,False,False,False
765001,Zaher Group 1,79,14,13,2,2350.0,False,False,False,False
482002,"Jumeirah, Grand Masjid 2",101,14,18,3,2258.0,False,False,False,False
942001,UAE Athletics Federation 1,89,14,15,2,903.0,False,False,False,False
378001,"Al Qusais, Bus Station 1",87,14,12,1,3461.0,False,False,False,False
450101,Al Shawi Tower,91,14,17,1,2746.0,False,False,False,False
955001,"Ras Al Khor, Aya Trdg.",74,14,14,2,3099.0,False,False,False,False
805002,"Ras Al Khor, Used Cars Exb. 1-2",74,14,14,2,4129.0,False,False,False,False
282501,"Al Quoz, FARNEK Staff Accommodation",77,14,14,1,1846.0,False,False,False,False
282001,"Al Quoz, Al Futtaim Private Staff Accommodation",77,14,14,1,2109.0,False,False,False,False
154101,"Al Quoz, Al Waaha Street, Asco Labour Camp 1",77,14,13,1,2410.0,False,False,False,False
280501,"Al Quoz, Taj Al Madina Supermarket",77,14,13,1,2308.0,False,True,False,False
155101,"Al Quoz, Al Waaha Street 1",77,14,14,1,2229.0,False,False,False,False
283001,"Al Quoz, Credence High School",77,14,14,1,1959.0,False,False,False,False
604101,"Sports City, Golf Tower 1",81,14,14,2,4830.0,False,False,False,False
602101,"Sports City, Dubai Cricket Stadium 1",81,14,14,2,6222.0,False,False,False,False
385019,Al Ghubaiba Bus Station 19,79,14,14,1,275.0,False,False,False,False
603101,"Sports City, Dubai Sports City Offices 1",81,14,14,2,5893.0,False,False,False,False
605101,"Sports City, Victory Heights West Gate 1",81,14,14,2,4716.0,False,False,False,False
971501,"Al Barsha Heights, Ramee Guestline Hotel 1",77,14,11,2,761.0,False,False,False,False
970501,"Al Barsha Heights, Minc Apartments 1",77,14,11,2,764.0,False,False,False,False
942002,UAE Athletics Federation 2,89,14,15,2,798.0,False,False,False,False
758001,"Jebel Ali Free Zone, Roundabout 5-1",79,14,13,2,1208.0,False,False,False,False
761001,Container Glass Factory 1,79,14,13,2,1767.0,False,False,False,False
746001,"Jebel Ali Free Zone, Lease Office 5-1",79,14,13,2,1287.0,False,False,False,False
927502,DMCC Metro Bus Stop Landside 2,75,14,13,2,64.0,True,False,False,False
113101,"Dubai Production City, City Centre Meaisem 1",81,14,14,2,4219.0,False,True,False,False
653101,"Dubai Production City, Centrium Tower 1",81,14,14,2,3776.0,False,False,False,False
904501,"Dubai Production City, The Crescent, Tower 1",81,14,15,2,4250.0,False,False,False,False
764001,Cleveland Bridge Engineering 2-1,79,14,13,2,3154.0,False,False,False,False
766001,"Jebel Ali Free Zone, Roundabout 8-1",79,14,12,2,3615.0,False,False,False,False
760001,"Jebel Ali Free Zone, Roundabout 6-1",79,14,13,2,794.0,False,False,False,False
131501,"Al Quoz, Dynamic Industries",88,14,14,2,3216.0,False,False,False,False
132501,"Al Quoz, APEX Concrete Factory",88,14,14,2,3214.0,False,False,False,False
676001,"Rigid Construction, Camps 1",88,14,14,2,2369.0,False,False,False,False
253501,"The Greens, Al Sidir",76,14,12,2,616.0,False,False,False,False
378004,"Al Qusais, Bus Station 4",86,14,13,1,3465.0,False,False,False,False
100005,Gold Souq Bus Station 5,77,14,12,1,72.0,True,True,False,False
134501,"Al Quoz, Galaxy Paper Industries",87,14,14,2,2462.0,False,False,False,False
509501,Grand Mini Mall,87,14,15,4,1462.0,False,True,False,False
168001,"Abu Hail, Masjid Al Salam 1",80,14,14,2,560.0,False,False,False,False
339002,"Muhaisnah 4, Police Colony 2",88,14,17,1,2213.0,False,False,False,False
339001,"Muhaisnah 4, Police Colony 1",88,14,17,1,2187.0,False,False,False,False
304501,Dubai Police Private Kindergarten,87,14,15,2,965.0,False,False,False,False
573204,International City Bus Station 4,86,14,15,1,6708.0,False,False,False,False
795002,Ras Al Khor 3-2,74,14,14,2,2551.0,False,False,False,False
482101,"International City, Persia O02-1",94,14,17,2,7920.0,False,False,False,False
807001,"Ras Al Khor, Used Cars Exb. 3",74,14,14,2,4293.0,False,False,False,False
881001,HH Sh.Rashid AlMaktoum Pakistan School 1,87,14,14,2,1263.0,False,False,False,False
957001,"Ras Al Khor, Areej Trdg.",74,14,14,2,2670.0,False,False,False,False
483101,"International City, Persia M03-1",94,14,17,2,8234.0,False,False,False,False
320501,"Burj Khalifa, The Palace Hotel",69,14,14,1,859.0,False,False,False,False
541101,"Jumeirah University 1, Latifa Bint Hamdan Street",82,14,17,2,2707.0,False,False,False,False
853701,Al Quoz Creative,72,14,11,1,1385.0,False,False,False,False
888807,Dubai Mall Bus Stop 7,79,14,12,1,1292.0,False,True,False,False
100001,Gold Souq Bus Station 1,86,14,11,1,81.0,True,True,False,False
302202,Onpassive Metro Bus Stop Landside 2,72,14,11,1,69.0,True,False,False,False
179106,"Al Quoz, Bus Station 6",86,14,12,1,997.0,False,False,False,False
503013,"Satwa, Bus Station 13",70,14,9,1,1173.0,False,False,False,False
991002,Muhaisnah 1A-2,76,14,13,2,2793.0,False,False,False,False
470001,"Wasl, Wasl Club 1",62,14,14,3,1306.0,False,False,False,False
992002,Muhaisnah 1B-2,76,14,13,2,2370.0,False,False,False,False
682502,"Sharjah, Al Qasba 2",70,14,13,2,2249.0,False,False,False,False
400502,Algeria Street 5-2,96,14,18,3,2952.0,False,False,False,False
643501,Downtown Mirdiff Gate 1,76,14,12,2,3033.0,False,False,False,False
644501,Downtown Mirdiff Gate 2,76,14,12,2,3470.0,False,False,False,False
351002,"Mirdiff, 83rd Street 2",76,14,12,2,2991.0,False,False,False,False
350002,"Mirdiff, Bilal Bin Rabah Masjid 2",76,14,12,2,2685.0,False,False,False,False
642601,"Mirdif, Sport Society 1",76,14,12,2,2115.0,False,False,False,False
642501,Mirdiff City Centre,76,14,12,2,2341.0,False,True,False,False
487001,Mercato Shopping Mall 1,89,13,16,2,2476.0,False,True,False,False
484002,Century Plaza 1,89,13,17,2,2298.0,False,True,False,False
168102,"DIP, Prakash Tradings 2",84,13,15,2,3246.0,False,False,False,False
169102,Can Pack Middle East 2,84,13,15,2,3580.0,False,False,False,False
554501,Insulite Block Factory 1,84,13,13,2,1871.0,False,False,False,False
500501,Seven Seas Steel Industries 1,84,13,13,2,1835.0,False,False,False,False
215122,Etisalat Bus Station 22,79,13,14,2,189.0,True,False,False,False
100011,Gold Souq Bus Station 11,84,13,13,1,45.0,True,True,False,False
100012,Gold Souq Bus Station 12,79,13,11,1,47.0,True,True,False,False
900001,"Wasl, Etisalat",75,13,12,2,441.0,False,False,False,False
300201,"Dubai World Central, Headquarter 1",82,13,14,2,6668.0,False,False,False,False
232102,"Dubai World Central, Headquarter 2",81,13,13,2,6284.0,False,False,False,False
763001,Cleveland Bridge Engineering 1-1,79,13,13,2,2653.0,False,False,False,False
969502,"Al Barsha Heights, Mashael Building 2",76,13,12,2,738.0,False,False,False,False
218502,"Al Barsha, Roots Saloon 2",72,13,11,2,1162.0,False,False,False,False
568002,"Al Wasl Road, Ferdous Building 2",77,13,12,2,1754.0,False,False,False,False
314501,"Musalla Road, Eyal Nasir Masjid",83,13,11,2,414.0,False,False,False,False
806001,"Ras Al Khor, Used Cars Exb. 2",72,13,14,2,4489.0,False,False,False,False
794001,"Ras Al Khor, Customs",72,13,14,2,2775.0,False,False,False,False
795001,Ras Al Khor 3-1,72,13,14,2,2553.0,False,False,False,False
204001,Hamriya 1,75,13,14,2,1603.0,False,False,False,False
333001,"Dubai Taxi Corparation, Depot 1",57,13,9,2,2757.0,False,False,False,False
792001,Ras Al Khor 1-1,72,13,13,2,2836.0,False,False,False,False
281001,"Al Quoz, Cement Factory",77,13,14,1,1022.0,False,False,False,False
568001,"Al Wasl Road, Ferdous Building 1",77,13,12,2,1714.0,False,False,False,False
200305,Al Baraha Bus station 5,51,13,9,1,894.0,False,False,False,False
194501,"Sheikh Zayed Service Rd, Coral Boutique Hotel 1",72,13,11,2,404.0,False,False,False,False
764501,"Al Barsha, Habtoor House 1",72,13,11,2,238.0,False,False,False,False
569001,"Safa, Shoping Center 1",77,13,12,2,2255.0,False,True,False,False
100009,Gold Souq Bus Station 9,77,13,10,1,50.0,True,True,False,False
530101,Union Residence 1,81,13,15,2,595.0,False,False,False,False
337002,UIP School 2,59,13,8,2,2738.0,False,False,False,False
329001,Dubai Abattoir 1,57,13,9,2,2219.0,False,False,False,False
337001,UIP School 1,57,13,9,2,2735.0,False,False,False,False
595002,"Wasl, Road 4-2",77,13,12,2,1215.0,False,False,False,False
570002,"Safa, Spinneys 2",77,13,12,2,1915.0,False,False,False,False
966501,"Rashidiya, Street 38",175,13,49,5,415.0,False,False,False,False
601101,"Sports City, Victory Heights East Gate 1",81,13,14,2,6177.0,False,False,False,False
440002,Rashid Hospital Roundabout 2,80,13,11,2,160.0,True,False,False,False
444201,Oud Metha 17A Street 1,78,13,13,2,1145.0,False,False,False,False
467102,Sunrise City Supermarket 2,78,13,13,2,1184.0,False,True,False,False
209203,Oud Metha Bus Station 3,91,13,16,1,287.0,False,False,False,False
225102,Crowne Plaza Hotel Deira 2,75,13,10,2,464.0,False,True,False,False
439002,Nasr Sports Club 2,80,13,12,2,523.0,False,False,False,False
402502,"Muhaisnah, Dubai Modern School 2",72,13,14,2,3074.0,False,False,False,False
403502,Algeria Street 9-2,72,13,14,2,3152.0,False,False,False,False
254501,Philadelphia Private School,59,13,8,2,2205.0,False,False,False,False
804002,"Ras Al Khor, Veg. Mkt. Union Coop. Society 2",70,13,16,2,5443.0,False,False,False,False
167002,"Abu Hail, Post Office 2",75,13,14,2,872.0,False,False,False,False
962002,Ras Al Khor 9-2,74,13,14,2,4122.0,False,False,False,False
598002,"Wasl, Road 5-2",77,13,11,2,1103.0,False,False,False,False
167001,"Abu Hail, Post Office 1",77,13,13,2,761.0,False,False,False,False
779501,"Al Rashidiya, Street 33A, Al Jahiz Boys School",82,13,12,3,634.0,False,False,False,False
250002,"Rashidiya, Police Station 2",74,13,12,2,791.0,False,False,False,False
555501,Dubai Contracting Labour Camp 1,84,13,13,2,1690.0,False,False,False,False
999101,Sheikh Zayed Road 1 (Non Stop),77,13,12,2,595.0,False,False,False,False
206001,"Wuhaida, School 1",75,13,14,2,1861.0,False,False,False,False
112101,"Jebel Ali Industrial Area, Dubai Driving Center",72,13,12,1,2192.0,False,True,False,False
759501,Al Barsha B-1,72,13,11,2,818.0,False,False,False,False
652101,"Al Garhoud, Roads & Transport Authority HQ 1",82,13,13,2,1136.0,False,False,False,False
350501,"Hamriya Port,Sheikh Almar Masjid Roundabout 1",84,12,14,2,2000.0,False,False,False,False
349501,"Hamriya Port,Container Services 1",84,12,14,2,2300.0,False,False,False,False
276002,"Al Twar 1, Street 16A-2",75,12,11,2,902.0,False,False,False,False
277002,"Al Twar 1, Street 16C-2",75,12,11,2,687.0,False,False,False,False
278002,"Al Twar 1, DM Accomadation 2",75,12,11,2,373.0,False,False,False,False
243002,"Rashidiya, Civil Defence 2",67,12,12,1,1668.0,False,False,False,False
676101,"Hatta, Hill Park A-1",54,12,12,2,88169.0,False,False,False,False
231502,Al Arouba Street 2,89,12,16,2,2032.0,False,False,False,False
902301,"Nadd Al Hamar, Al Zarooni Building",76,12,12,1,4815.0,False,False,False,False
902401,"Nadd Al Hamar, Al Zarooni Masjid",76,12,12,1,4922.0,False,False,False,False
764002,Cleveland Bridge Engineering 2-2,81,12,15,2,3137.0,False,False,False,False
766002,"Jebel Ali Free Zone, Roundabout 8-2",81,12,15,2,3523.0,False,False,False,False
757002,"Jebel Ali Free Zone, Sony 2",81,12,14,2,1047.0,False,False,False,False
104002,Emirates NBD 2,67,12,11,2,206.0,False,False,False,False
105002,"Deira, Old Souq 2",67,12,11,2,76.0,True,True,False,False
100025,Gold Souq Bus Station 25,67,12,9,1,32.0,True,True,False,False
902201,"Nadd Al Hamar, Al Awal Building",76,12,12,1,4574.0,False,False,False,False
902101,"Nadd Al Hamar, Al Telal 17",76,12,12,1,4357.0,False,False,False,False
137401,"Financial Centre, Al Attar Tower",75,12,10,2,232.0,False,True,False,False
111101,"Jebel Ali Indl Area, Four Season Staff Housing",72,12,12,1,2256.0,False,False,False,False
523102,"Jebel Ali Industrial Area, ISOFOAM 2",72,12,12,1,2563.0,False,False,False,False
742501,"DIFC, Gate Village",75,12,11,2,594.0,False,False,False,False
276001,"Al Twar 1, Street 16A-1",76,12,11,2,904.0,False,False,False,False
924001,Maria Qibtiya School 1,86,12,14,2,821.0,False,False,False,False
351502,"Hamriya Port,Sheikh Almar Masjid 2",84,12,14,2,1666.0,False,False,False,False
434002,Saeediya School 2,64,12,11,2,230.0,False,False,False,False
898001,Zaabeel,75,12,11,2,658.0,False,False,False,False
193102,"Jebel Ali Industrial Area,Cleenol Middle East 2",72,12,12,1,2166.0,False,False,False,False
279102,"Jebel Ali Industrial Area, Etisalat Tower 2",73,12,12,1,2182.0,False,False,False,False
192102,"Jebel Ali Industrial Area, National Polystyrene 2",72,12,12,1,2563.0,False,False,False,False
191102,Specialist Services 2,72,12,12,1,1852.0,False,False,False,False
641102,Wade Adams Redimix 2,72,12,12,1,2346.0,False,False,False,False
816702,API Building 2,28,12,0,2,1464.0,False,False,False,False
999102,Sheikh Zayed Road 2 (Non Stop),75,12,14,2,658.0,False,False,False,False
765002,Zaher Group 2,81,12,14,2,2197.0,False,False,False,False
761002,Container Glass Factory 2,81,12,14,2,1621.0,False,False,False,False
746002,"Jebel Ali Free Zone, Lease Office 5-2",81,12,14,2,1245.0,False,False,False,False
762002,"Jebel Ali Free Zone, Nafco 2",81,12,14,2,1423.0,False,False,False,False
759002,Aiwa Gulf Free Zone 2,81,12,14,2,773.0,False,False,False,False
161501,Deira City Center Bus Station 1,70,12,17,1,231.0,False,True,False,False
230001,Dubai Civil Aviation College 1,67,12,12,1,747.0,False,False,False,False
246001,International Diesel Services,67,12,12,1,1614.0,False,False,False,False
218501,"Al Barsha, Roots Saloon",73,12,9,2,1098.0,False,False,False,False
219501,"Al Barsha, Veterinary Clinic 1",73,12,10,2,491.0,False,False,False,False
798001,Ras Al Khor 6-1,72,12,13,2,3440.0,False,False,False,False
391201,Department of Ports & Customs 3,100,12,11,3,846.0,False,False,False,False
128001,"Abu Hail, Bin Eid Al Shabi Restaurant 1",70,12,13,2,343.0,False,False,False,False
130001,Kuwait Hospital 1,78,12,15,2,786.0,False,False,False,False
934502,"Mall of the Emirates, Saleh Bin Lahej Building 2",73,12,10,2,495.0,False,True,False,False
356001,"Al Twar 4, 22nd Street 1",71,12,12,1,793.0,False,False,False,False
779002,Grand HyperMarket B-2,72,12,12,1,1827.0,False,True,False,False
235003,Emirates Metro Bus Stop 3,76,12,12,1,214.0,False,False,False,False
209001,Dubai Folklore Theatre 1,75,12,14,2,1101.0,False,False,False,False
190102,"Jebel Ali Industrial Area, Star Super Cement 2",72,12,12,1,2178.0,False,False,False,False
897002,Damac Park Tower 2,35,12,11,1,443.0,False,False,False,False
350502,"Hamriya Port,Sheikh Almar Masjid Roundabout 2",84,12,14,2,2173.0,False,False,False,False
763002,Cleveland Bridge Engineering 1-2,81,12,14,2,2625.0,False,False,False,False
247001,Inter Care Limited,67,12,12,1,1396.0,False,False,False,False
355103,"Muhaisnah 1, Etihad Mall 3",73,12,11,2,2637.0,False,True,False,False
211201,Muhaisnah Health Center 1,73,12,11,2,2392.0,False,True,False,False
661001,Flydubai HQ,74,12,11,2,12172.0,False,False,False,False
385046,Al Ghubaiba Bus Station 46,73,12,11,1,373.0,False,False,False,False
215118,Etisalat Bus Station 18,74,12,12,1,189.0,True,False,False,False
185501,Dubai Modern School,55,12,9,1,623.0,False,False,False,False
228501,Emirates General Petroleum Corporation,55,12,9,1,322.0,False,False,False,False
553001,Gulf News 1,55,12,9,1,426.0,False,False,False,False
858003,"Hatta, Bus Station 3",50,12,12,1,87377.0,False,False,False,False
139502,"Abu Dhabi, Samha 2",103,12,17,2,47645.0,False,False,False,False
329002,Dubai Abattoir 2,59,12,8,2,2299.0,False,False,False,False
924002,Maria Qibtiya School 2,85,12,15,2,789.0,False,False,False,False
596002,"Wasl, Rawdhat Al Abraar Masjid 2",77,12,12,2,1098.0,False,False,False,False
597002,Falcon House 2,77,12,11,2,961.0,False,False,False,False
545502,Al Baraha Masjid 2,73,12,12,2,1082.0,False,False,False,False
348502,"Hamriya Port, Control Tower 2",84,12,14,2,2529.0,False,False,False,False
333002,"Dubai Taxi Corparation, Depot 2",59,12,9,2,2780.0,False,False,False,False
357001,"Al Twar 4, Masjid Bin Tahnoon",71,12,12,1,823.0,False,False,False,False
401502,Algeria Street 7-2,72,12,14,2,3134.0,False,False,False,False
246102,"Abu Hail, Bin Eid Al Shabi Restaurant 2",72,12,12,2,270.0,False,False,False,False
330002,LiveStock Market 2,59,12,8,2,2300.0,False,True,False,False
328001,Tipping Area Turnoff 1,66,12,11,1,3205.0,False,False,False,False
704101,"Masfoot, Residential Building Terminus",50,12,12,1,82331.0,False,False,False,False
385009,Al Ghubaiba Bus Station 9,92,12,16,1,297.0,False,False,False,False
244001,Max Garage,67,12,12,1,1889.0,False,False,False,False
328002,Tipping Area Turnoff 2,63,12,10,1,3250.0,False,False,False,False
168501,Oud Al Mateena Roundabout 1 Terminus,73,12,11,1,5151.0,False,False,False,False
245001,Bin Daher Motors Corporation,67,12,12,1,1922.0,False,False,False,False
441002,American Hospital 2,78,12,13,2,990.0,False,False,False,False
215110,Etisalat Bus Station 10,73,12,11,1,147.0,True,False,False,False
226001,"Mamzar, Health Center",64,12,10,1,2149.0,False,True,False,False
101002,Stadium Bus Station 2,75,12,11,1,227.0,False,False,False,False
277001,"Al Twar 1, Street 16C-1",76,12,11,2,681.0,False,False,False,False
278001,"Al Twar 1, DM Accomadation 1",76,12,11,2,420.0,False,False,False,False
663101,"Ajman, Thumbay Hospital 1",75,12,12,2,4633.0,False,False,False,False
660101,"Ajman, Crown Palace Hotel 1",75,12,12,2,3679.0,False,False,False,False
791501,"Sharjah, Al Jubail Bus Station 1",71,12,15,1,3295.0,False,False,False,False
385014,Al Ghubaiba Bus Station 14,71,12,15,1,274.0,False,False,False,False
660102,"Ajman, Crown Palace Hotel 2",72,12,12,2,3750.0,False,False,False,False
663102,"Ajman, Thumbay Hospital 2",72,12,11,2,4719.0,False,False,False,False
595501,Globalink Westar Shipping Company,82,12,13,1,424.0,False,False,False,False
402501,"Muhaisnah, Dubai Modern School 1",70,12,12,2,3050.0,False,False,False,False
215119,Etisalat Bus Station 19,73,12,11,1,189.0,True,False,False,False
165502,"Muhaisnah 2, Abella Camp 2",94,12,17,3,4083.0,False,False,False,False
401501,Algeria Street 7-1,70,12,12,2,3096.0,False,False,False,False
598502,Inter Equipment Company 2,81,12,12,1,1392.0,False,False,False,False
608502,Lucy Switchgear 2,81,12,13,1,1080.0,False,False,False,False
623502,Pharma Care 2,81,12,13,1,700.0,False,False,False,False
427801,"Mirdiff, Mirdiff Mall 1",69,11,11,2,4493.0,False,True,False,False
431701,"Mirdiff, 78th Street 1",69,11,11,2,4954.0,False,False,False,False
718501,Discovery Garden 1,59,11,10,1,725.0,False,False,False,False
608501,Lucy Switchgear 1,82,11,13,1,1059.0,False,False,False,False
623501,Pharma Care 1,82,11,13,1,672.0,False,False,False,False
200302,Al Baraha Bus Station 2,64,11,12,1,870.0,False,False,False,False
598501,Inter Equipment Company 1,82,11,13,1,1275.0,False,False,False,False
665101,"Sharjah, Al Muwailah Bus Terminal",73,11,11,1,6153.0,False,False,False,False
802501,Dubai Safari Park,56,11,11,1,8203.0,False,False,False,False
318502,"International City, China 2-2",76,11,13,2,7083.0,False,False,False,False
317502,"International City, China 3-2",76,11,12,2,7498.0,False,False,False,False
316502,"International City, Morocco 2",76,11,12,2,7947.0,False,False,False,False
816502,Bin Juma 6 2,28,11,0,2,1911.0,False,False,False,False
895201,Nouakchott St 1,67,11,13,2,6041.0,False,False,False,False
463501,Al Warqaa J-1,85,11,13,2,6017.0,False,False,False,False
230002,Dubai Civil Aviation College 2,68,11,11,1,849.0,False,False,False,False
231002,Bustan Rotana Hotel 2,68,11,11,1,489.0,False,False,False,False
725001,Dubai Festival City,68,11,12,1,832.0,False,False,False,False
517501,Al Warqaa Our Own High School 1,68,11,11,2,4398.0,False,False,False,False
100013,Gold Souq Bus Station 13,66,11,12,1,50.0,True,True,False,False
539201,"Jebel Ali Industrial Area, Quality Mix 2",72,11,12,1,3046.0,False,False,False,False
319502,"International City, Dragon Mart 1-2",76,11,13,2,6748.0,False,False,False,False
820501,GEMS Our Own English High School,67,11,14,2,5537.0,False,False,False,False
462501,Al Warqaa I-1,75,11,14,2,5801.0,False,False,False,False
460501,Al Warqaa G-1,75,11,14,2,5612.0,False,False,False,False
523101,"Jebel Ali Industrial Area, ISOFOAM 1",63,11,11,2,2630.0,False,False,False,False
101010,Stadium Bus Station 10,28,11,0,1,228.0,False,False,False,False
427701,"Mirdiff, 47th Street 1",69,11,11,2,4144.0,False,False,False,False
303002,"Al Twar 4, Emirates Cooperative Society 2",71,11,12,1,577.0,False,False,False,False
281101,"Al Nahda 1, Dubai Scholars Pvt School 1",28,11,0,1,347.0,False,False,False,False
727001,Rebat Street 2-1,68,11,12,1,1452.0,False,False,False,False
524101,"Jebel Ali Industrial Area, Unimix 1",63,11,11,2,2903.0,False,False,False,False
404001,Grand Hyatt Hotel,57,11,11,2,552.0,False,False,False,False
405001,DEWA Main Office,57,11,11,2,548.0,False,False,False,False
726001,Rebat Street 1,68,11,12,1,1003.0,False,False,False,False
549002,City Walk 2,67,11,10,1,1071.0,False,False,False,False
888803,Dubai Mall Bus Stop 3,71,11,11,1,1258.0,False,True,False,False
385001,Al Ghubaiba Bus Station 1,71,11,11,1,263.0,False,False,False,False
286502,"Ras Al Khor Industrial Area 1, Manama Street 1",55,11,10,1,3971.0,False,False,False,False
209202,Oud Metha Bus Station 2,62,11,9,1,278.0,False,False,False,False
179102,"Al Quoz, Bus Station 2",55,11,9,1,1005.0,False,False,False,False
727501,Discovery Garden 10,59,11,10,1,549.0,False,False,False,False
726501,Discovery Garden 9,59,11,10,1,872.0,False,False,False,False
124101,"Al Warqaa, ASCANA 3 Building 1",68,11,11,2,3849.0,False,False,False,False
124501,"Al Warqaa, Charity Tower 1",68,11,11,2,4219.0,False,False,False,False
248001,"Ramoul, Habtoor Motors",67,11,12,1,1331.0,False,False,False,False
431801,"Mirdiff, 78th Street 2",69,11,11,2,5025.0,False,False,False,False
220502,"Jebel Ali Industrial Area, Scientechnic LLC 2",72,11,12,1,2663.0,False,False,False,False
725501,Discovery Garden 8,59,11,10,1,570.0,False,False,False,False
402001,Consulate Area,31,11,0,1,454.0,False,False,False,False
610101,Danube Metro Bus Stop Seaside,81,11,12,1,131.0,True,False,False,False
931201,Marquise Square Tower,33,11,10,1,593.0,False,False,False,False
465502,8 Boulevard Walk Tower 2,34,11,11,1,719.0,False,False,False,False
524102,"Jebel Ali Industrial Area, Unimix 2",72,11,12,1,2857.0,False,False,False,False
109101,"Dubai World Central, Headquarter Entrance",62,11,10,2,6493.0,False,False,False,False
643101,"Al Qusais Industrial Area 5, Al Wasl 1",74,11,12,1,3697.0,False,False,False,False
209207,Oud Metha Bus Station 7,74,11,11,1,320.0,False,False,False,False
159101,Discovery Garden 12-1,59,11,10,1,290.0,False,False,False,False
424701,"Mirdiff, Uptown Mirdiff Park 1",69,11,11,2,3719.0,False,False,False,False
561701,DAMAC Maison Prive,34,11,11,1,584.0,False,False,False,False
719501,Discovery Garden 2,59,10,10,1,611.0,False,False,False,False
720501,Discovery Garden 3,59,10,10,1,533.0,False,False,False,False
681501,"Sharjah, Mamzar 9-1",68,10,14,2,2697.0,False,False,False,False
519501,"Al Warqaa, Emirates Post 1",68,10,11,2,4294.0,False,False,False,False
520501,"Al Warqaa, Grand Masjid 1",68,10,10,2,4614.0,False,False,False,False
521501,"Al Warqaa, ETISALAT Tower 1",68,10,10,2,4579.0,False,False,False,False
547501,Dubai Investment Park Offices 1,53,10,10,1,478.0,False,False,False,False
770101,Jebel Ali Bus Depot External,53,10,11,1,1634.0,False,False,False,False
619201,"Muntaza, Festival Plaza 3",73,10,12,1,692.0,False,True,False,False
307502,Algeria Street 2-2,70,10,11,2,3852.0,False,False,False,False
548501,"The Green Community, Terrace Apartments 1",53,10,10,1,930.0,False,False,False,False
378003,"Al Qusais, Bus Station 3",66,10,12,1,3432.0,False,False,False,False
129601,Shasta Azizi Tower,53,10,10,1,846.0,False,False,False,False
122502,"Awir, Sewage Treatment Plant 2",76,10,13,2,8972.0,False,False,False,False
310002,"Al Barsha South, Street 16-2",51,10,9,1,4268.0,False,False,False,False
308002,"Al Barsha South 1, Mohammed Bin Rashid Housing B-2",51,10,10,1,4488.0,False,False,False,False
307002,"Al Barsha South 1, Mohammed Bin Rashid Housing A-2",51,10,10,1,4810.0,False,False,False,False
133101,"Al Warqaa, La Lune Building 1",68,10,11,2,3900.0,False,False,False,False
458501,Al Warqaa E-1,68,10,11,2,4043.0,False,False,False,False
182102,Dubai Womens College 3 2,28,10,0,1,1612.0,False,False,False,False
326502,"Al Nahda, Motawa Building 2",28,10,0,1,2468.0,False,False,False,False
495501,"Ras Al Khor Industrial Area 1, Manama Street 2",55,10,10,1,4064.0,False,False,False,False
471501,Kibsons,55,10,10,1,4270.0,False,False,False,False
345501,Vegetable Market 1,53,10,10,1,5904.0,False,True,False,False
344502,Used Car Exhibition 2,55,10,10,1,5319.0,False,False,False,False
344501,Used Car Exhibition 1,53,10,10,1,4936.0,False,False,False,False
508101,"Motor City, Autodrome Stadium 1",47,10,7,1,7713.0,False,False,False,False
557003,"Safa, Terminus 3",47,10,7,1,391.0,False,False,False,False
507101,"Motor City, Dubai Autodrome & Business Park 1",47,10,8,1,8279.0,False,False,False,False
506101,"Motor City, Spinneys Market 1",47,10,8,1,8644.0,False,True,False,False
505101,"Motor City, Uptown Appartments 1",47,10,8,1,9045.0,False,False,False,False
804502,"Al Wasl, Street 35A-2",58,10,10,2,1075.0,False,False,False,False
803502,"Al Wasl, Street 35, Al Ittihad Health Center 2",58,10,10,2,804.0,False,True,False,False
873502,"Al Wasl, Street 35, Dar Al Ber Society 2",58,10,10,2,1260.0,False,False,False,False
385002,Al Ghubaiba Bus Station 2,59,10,11,1,260.0,False,False,False,False
626002,"Qumaish Cont, Labour Camp 2",51,10,8,1,2619.0,False,False,False,False
486502,"Arjan, Geepas Tower 2",52,10,9,1,7450.0,False,False,False,False
187002,Ministry of Environment 2,64,10,10,2,456.0,False,False,False,False
486501,"Arjan, Geepas Tower 1",52,10,9,1,7451.0,False,False,False,False
485501,"Arjan, Damac Westside Buildings 1",52,10,9,1,7626.0,False,False,False,False
179105,"Al Quoz, Bus Station 5",66,10,11,1,987.0,False,False,False,False
625001,"Ahmadya Cont., Labour Camp 1",51,10,8,1,2372.0,False,False,False,False
231601,First Avenue Mall,65,10,12,1,1979.0,False,True,False,False
306502,Algeria Street 1-2,70,10,11,2,4053.0,False,False,False,False
457501,Al Warqaa D-1,68,10,10,2,4241.0,False,False,False,False
485502,"Arjan, Damac Westside Buildings 2",52,10,9,1,7642.0,False,False,False,False
431002,"Arjan, Damac Northside Buildings 2",52,10,9,1,7564.0,False,False,False,False
318002,"Al Barsha South 1, Mohammed Bin Rashid Housing C-2",51,10,9,1,4617.0,False,False,False,False
903503,Ibn Battuta Bus Station 3,110,10,12,2,75.0,True,False,False,False
353101,"Al Nahda, Al Ameen Private School",46,10,8,1,2110.0,False,False,False,False
817201,Al Salam Pvt School 1,28,10,0,1,1516.0,False,False,False,False
602901,Emirates Auction Yard,65,10,12,1,14110.0,False,False,False,False
507102,"Motor City, Dubai Autodrome & Business Park 2",47,10,9,1,8088.0,False,False,False,False
508102,"Motor City, Autodrome Stadium 2",47,10,9,1,7716.0,False,False,False,False
385004,Al Ghubaiba Bus Station 4,66,10,11,1,251.0,False,False,False,False
724501,Discovery Garden 7,59,10,10,1,493.0,False,False,False,False
151101,Discovery Garden 6,59,10,10,1,642.0,False,False,False,False
525001,"Wasl, Terminus",50,10,7,1,617.0,False,False,False,False
817301,"Al Nahda 2, 6A St 1",28,10,0,1,1625.0,False,False,False,False
455501,Al Warqaa B-1,68,10,10,2,3303.0,False,False,False,False
454501,Al Warqaa A-1,68,10,10,2,3328.0,False,False,False,False
453501,Al Warqaa Masjid 1,68,10,10,2,3606.0,False,False,False,False
456501,Al Warqaa C-1,68,10,10,2,3706.0,False,False,False,False
604201,"Dubai Courts, Al Awir",65,10,12,1,14162.0,False,False,False,False
604001,"DEWA Office, Al Awir",65,10,12,1,13580.0,False,False,False,False
603001,Al Awir Immigration Office,65,10,12,1,14627.0,False,False,False,False
581001,Pepsi Cola Factory,52,10,11,1,1046.0,False,False,False,False
128501,"Al Quoz, Unimex 1",52,10,11,1,893.0,False,False,False,False
580001,"Al Quoz, Intersection",52,10,11,1,1120.0,False,False,False,False
577001,"Al Quoz, Housing 1",52,10,11,1,1158.0,False,False,False,False
578001,"Al Quoz, Housing 2",52,10,11,1,1004.0,False,False,False,False
573002,Oasis Center 2,52,10,11,1,2078.0,False,True,False,False
153301,Al Quoz 4th Street,52,10,12,1,1829.0,False,False,False,False
605001,Marine Center 1,52,10,11,1,1518.0,False,True,False,False
606001,Bosch Center 1,52,10,11,1,882.0,False,True,False,False
721501,Discovery Garden 4,59,10,10,1,740.0,False,False,False,False
310502,"Al Barsha South 1, Aswaaq Mall 2",51,10,9,1,4405.0,False,True,False,False
503008,"Satwa, Bus Station 8",51,10,7,1,1162.0,False,False,False,False
722501,Discovery Garden 5,59,10,10,1,711.0,False,False,False,False
554001,"Safa, Safest Way 1",45,10,7,1,668.0,False,False,False,False
543002,DEWA Al Wasl Customer Happiness Center 2,47,10,7,1,687.0,False,True,False,False
541002,"Al Wasl, 13th Steet",47,10,7,1,1112.0,False,False,False,False
242501,"Sheikh Zayed Road, Safestway",45,10,7,1,422.0,False,False,False,False
290602,"Silicon Oasis, RTI Dubai 2",44,9,8,1,9776.0,False,False,False,False
237502,"Nad Al Shiba 2, Main Masjid 2",44,9,8,1,5626.0,False,False,False,False
536602,"Silicon Oasis, Cedre Villas 2",44,9,8,1,10468.0,False,False,False,False
819002,Orient Irrigation Services 2,51,9,9,2,12679.0,False,False,False,False
817002,Al Khawaneej Boys School 2,51,9,8,2,12121.0,False,False,False,False
816002,Bin Bisher Farm 2,51,9,8,2,11592.0,False,False,False,False
812001,Mizhar 2 Turnoff 1,49,9,8,2,6467.0,False,False,False,False
814101,Lootah Equestrian Club,49,9,8,2,8736.0,False,False,False,False
809101,Al Khawaneej Road 2,49,9,8,2,9180.0,False,False,False,False
808002,Al Khawaneej Road 4 2,49,9,8,2,9633.0,False,False,False,False
345001,"Mushrif, Eppco 1",49,9,9,2,4412.0,False,False,False,False
346001,"Mushrif, Masjid 1",49,9,9,2,5125.0,False,False,False,False
358001,"Mushrif, Park 1",49,9,8,2,5921.0,False,False,False,False
555001,Mazaya Center 1,45,9,6,1,326.0,False,True,False,False
125501,Kuwait Road 1,45,9,6,1,902.0,False,False,False,False
160001,Ittehad School 1,57,9,10,1,666.0,False,False,False,False
364102,"Ajman, Al Manama Mall 2",56,9,9,1,1613.0,False,True,False,False
323102,"Ajman, Giant Supermarket 2",56,9,9,1,2552.0,False,True,False,False
560001,"Damac Hills, Carrefour",40,9,8,2,9162.0,False,False,False,False
560101,"Damac Hills, Golf Vista A",40,9,8,2,9105.0,False,False,False,False
561001,"Damac Hills, Golf Promenade 5A",40,9,8,2,8679.0,False,False,False,False
860002,Hatta Souq 2,54,9,11,4,82317.0,False,True,False,False
483502,"Ajman, Safeer Mall 2",56,9,9,1,3308.0,False,True,False,False
682501,"Sharjah, Al Qasba 1",68,9,14,2,2272.0,False,False,False,False
483501,"Ajman, Safeer Mall 1",59,9,9,1,3277.0,False,True,False,False
484501,"Ajman, Grand Mart 1",59,9,9,1,3214.0,False,False,False,False
322101,"Ajman, Union National Bank 1",59,9,9,1,3213.0,False,False,False,False
816701,API Building 1,28,9,0,2,1468.0,False,False,False,False
907001,"Nad Al Shiba, Emirates NBD",62,9,11,2,3398.0,False,False,False,False
322102,"Ajman, Union National Bank 2",56,9,9,1,3233.0,False,False,False,False
484502,"Ajman, Grand Mart 2",56,9,9,1,3239.0,False,False,False,False
626001,"Qumaish Cont, Labour Camp 1",49,9,10,1,2643.0,False,False,False,False
625002,"Ahmadya Cont., Labour Camp 2",49,9,10,1,2375.0,False,False,False,False
207501,"Mizhar 1, Zayed Educational Complex",40,9,8,1,5955.0,False,False,False,False
221502,"Dubai Outsource City, Amity University Dubai 2",41,9,8,1,11854.0,False,False,False,False
156101,Axis 3 Residence,41,9,9,1,10420.0,False,False,False,False
946601,"Nadd Al Hamar, 9th Street",55,9,10,1,3625.0,False,False,False,False
199003,City Centre Metro Bus Stop 1-3,55,9,10,1,86.0,True,True,False,False
211101,"Ras Al Khor, Veg. Mkt. Customs Office 1",55,9,10,1,5679.0,False,False,False,False
234501,"Al Mizhir 1, Arabian Center 1",40,9,7,1,4239.0,False,True,False,False
203501,"Mizhar 1, C-1",40,9,7,1,4531.0,False,False,False,False
204501,"Mizhar 1, D-1",40,9,8,1,5149.0,False,False,False,False
221501,"Dubai Outsource City, Amity University Dubai 1",41,9,9,1,11855.0,False,False,False,False
537001,"Wasl Road, Box Park 2-1",49,9,11,1,1184.0,False,False,False,False
183502,Hadiqa Street 2,49,9,10,1,814.0,False,False,False,False
618101,"JVC, La Riveira Estates 1",54,9,11,1,5293.0,False,False,False,False
618201,"JVC, Oxford Boulevard 1",54,9,10,1,5447.0,False,False,False,False
618301,"JVC, Sky Hills Residence 2-1",54,9,10,1,5539.0,False,False,False,False
506102,"Motor City, Spinneys Market 2",47,9,9,1,8525.0,False,True,False,False
505102,"Motor City, Uptown Appartments 2",47,9,8,1,9011.0,False,False,False,False
205501,Al Mizhar Mall 1,40,9,8,1,5412.0,False,True,False,False
206501,"Mizhar 1, F-1",40,9,8,1,5800.0,False,False,False,False
229201,"Abu Hail, Union Coop",50,9,9,1,620.0,False,False,False,False
131002,"Baraha, Street 2",50,9,9,1,1132.0,False,False,False,False
224102,"Baraha, Eid Musallah 2",50,9,9,1,919.0,False,False,False,False
283502,"Al Quoz, Emirates Post Office 2",49,9,9,1,2105.0,False,False,False,False
126602,Scholar Academy 2,49,9,9,1,2016.0,False,False,False,False
126601,Scholar Academy 1,49,9,10,1,2095.0,False,False,False,False
127201,Aswaq Jima Hyper Market 1,49,9,10,1,2419.0,False,True,False,False
120101,Al Khail Heights Apartment 1,49,9,10,1,2708.0,False,False,False,False
615001,"Honda, Training Center1",51,9,8,1,1053.0,False,True,False,False
120102,Al Khail Heights Apartment 2,49,9,9,1,2723.0,False,False,False,False
627001,Masaood Bergum Construction,51,9,9,1,1105.0,False,False,False,False
628001,Berger Paints,51,9,9,1,1496.0,False,False,False,False
618001,Speedwell Decor 1,51,9,9,1,1853.0,False,False,False,False
980001,"Al Quoz, Al Habtoor Engineering 1",51,9,9,1,2942.0,False,False,False,False
181101,"Al Quoz, Al Qeaim Public Kitchen 1",51,9,9,1,2978.0,False,False,False,False
173502,"Al Quoz, T. Choithram Stores 2",51,9,9,1,2857.0,False,False,False,False
659001,Al Quoz Mall 1,51,9,9,1,1604.0,False,True,False,False
660001,ETA Profiles 1,51,9,9,1,1333.0,False,False,False,False
656001,ETA SwitchGear Manufacturing,51,9,9,1,1119.0,False,False,False,False
859002,"Al Quoz, Dubai Center Driving School 2",51,9,9,1,655.0,False,True,False,False
851502,"Al Quoz, Azzani Ready Mix 2",51,9,9,1,919.0,False,False,False,False
852002,"Al Quoz, Cemex RMC Topmix 2",51,9,10,1,1534.0,False,False,False,False
669001,"Al Quoz, Gargash 1",49,9,9,1,1852.0,False,False,False,False
307001,"Al Barsha South 1, Mohammed Bin Rashid Housing A-1",51,9,9,1,4786.0,False,False,False,False
308001,"Al Barsha South 1, Mohammed Bin Rashid Housing B-1",51,9,9,1,4458.0,False,False,False,False
310501,"Al Barsha South 1, Aswaaq Mall 1",51,9,9,1,4390.0,False,True,False,False
318001,"Al Barsha South 1, Mohammed Bin Rashid Housing C-1",51,9,9,1,4702.0,False,False,False,False
414001,"Mankhool, Center Point 1",45,9,6,1,424.0,False,True,False,False
413001,"Dubai Science Park, Villa Lantana 1",51,9,8,1,6355.0,False,False,False,False
413202,"Dubai Science Park, Villa Lantana 2",51,9,8,1,6590.0,False,False,False,False
415001,"Dubai Science Park, City Center 1",51,9,9,1,7091.0,False,True,False,False
418001,"Arjan, Sheraton Building 1",52,9,9,1,7463.0,False,False,False,False
431001,"Arjan, Damac Northside Buildings 1",52,9,9,1,7575.0,False,False,False,False
421001,"Karama, Commercial Center 1",61,9,11,2,765.0,False,True,False,False
855002,"Al Quoz, Al Shamsi Steel Manufacturing Co 2",49,9,10,1,2140.0,False,False,False,False
471101,All Metal Industries Foundry L.L.C-1,43,9,7,1,2781.0,False,False,False,False
539101,"Jebel Ali Industrial Area, Quality Mix 1",43,9,8,1,3032.0,False,False,False,False
160102,Discovery Garden 16-2,53,9,10,1,388.0,False,False,False,False
129701,Glamz Residence Tower 2 1,53,9,10,1,424.0,False,False,False,False
756001,"Dubai Ports Authority, Free Zone Office 1",39,9,6,1,1994.0,False,False,False,False
486002,Jumeirah St.Dubai Islamic Bank 2,57,9,10,1,2327.0,False,False,False,False
485002,Beach Center 2,57,9,10,1,2305.0,False,True,False,False
634501,"ENOC, Dhiyafa",57,9,10,1,2166.0,False,False,False,False
487502,"Arjan, Domus Hotels Staff Buildings 2",52,9,9,1,7325.0,False,False,False,False
415002,"Dubai Science Park, City Center 2",52,9,9,1,7098.0,False,True,False,False
490501,Dubai Science Park Complex 1,52,9,10,1,6688.0,False,False,False,False
491501,Dubai Science Park Laboratory Complex 1,51,9,10,1,6467.0,False,False,False,False
182101,Dubai Womens College 3 1,46,9,8,1,1605.0,False,False,False,False
668101,"Dubai Science Park, Pharmex Pharmaceuticals FZ",51,9,9,1,6100.0,False,False,False,False
667101,"Dubai Science Park, Foremarke School 1",54,9,10,1,6242.0,False,False,False,False
241602,"Al Barsha, GEMS Founders School 2",54,9,10,1,5228.0,False,False,False,False
615201,"JVC, Binghatti Tulip 1",54,9,10,1,6245.0,False,False,False,False
183102,Dubai Womens College Main Entrance 2,46,9,8,1,1826.0,False,False,False,False
647501,"Al Nahda, 19A Street 2",46,9,8,1,2391.0,False,False,False,False
623101,"JVC, Nakheel Villas T12-1",54,9,11,1,6707.0,False,False,False,False
625101,"JVC, Qamash Blvd A-1",54,9,10,1,6464.0,False,False,False,False
617101,"JVC, Judi Palace Apartments 1",54,9,10,1,6262.0,False,False,False,False
104501,"JVC, Diamond Views 3",54,9,10,1,6179.0,False,False,False,False
619101,"JVC, Le Grand Chateau Block A-1",54,9,11,1,5417.0,False,False,False,False
626101,"JVC, Sandoval Lane Apartments 1",54,9,10,1,5745.0,False,False,False,False
613201,"JVC, Alfa Villas 1",54,9,10,1,5643.0,False,False,False,False
616201,"JVC, Community Park 1",54,9,10,1,6066.0,False,False,False,False
616101,"JVC, Emirates Garden Rose 2 Apartments 1",54,9,11,1,6422.0,False,False,False,False
306001,"JLT, Business Center",39,9,9,1,732.0,False,True,False,False
126901,Azizi Star Building,53,9,10,1,1264.0,False,False,False,False
615102,"JVC, Atlantis S 4",54,9,10,1,5322.0,False,False,False,False
615101,"JVC, Atlantis S 1",54,9,11,1,5516.0,False,False,False,False
287101,"JLT, Saba 1 Tower",39,9,9,1,360.0,False,False,False,False
472101,Bustan Macaroni & Noodles Co 1,43,9,7,1,2221.0,False,False,False,False
474101,Royal Engineering Fabrication Company 1,43,9,7,1,2505.0,False,False,False,False
385005,Al Ghubaiba Bus Station 5,61,9,11,1,246.0,False,False,False,False
571001,"Al Quoz, BMW Showroom 1",52,9,11,1,1379.0,False,False,False,False
127501,"Al Quoz, Cemetery",52,9,11,1,1763.0,False,False,False,False
826002,"Awir, CMC Rounabout 2",51,9,9,2,16433.0,False,False,False,False
825002,"Awir, Etisalat 2",51,9,9,2,16168.0,False,False,False,False
824002,"Amardi, Road 4-2",51,9,9,2,15969.0,False,False,False,False
821002,"Amardi, Road 1-2",51,9,9,2,13779.0,False,False,False,False
820002,"Imam Al Shafi Masjid, Amardi 2",51,9,9,2,13363.0,False,False,False,False
653501,"DIP 2, 74th Street",44,8,8,1,5673.0,False,False,False,False
649301,Aerospace Supply Chain Zone,43,8,8,1,10084.0,False,False,False,False
119501,"Al Warqaa, Street 25-1",40,8,6,1,6396.0,False,False,False,False
119701,"Al Warqaa, Street 25-2",40,8,6,1,6776.0,False,False,False,False
119901,"Al Warqaa, Street 25-3",40,8,6,1,7551.0,False,False,False,False
405501,"International City, Manama Street 5 2",40,8,6,1,9012.0,False,False,False,False
499101,"Dubai World Central, Gate 6-1",43,8,8,1,9793.0,False,False,False,False
612101,Dubai Design District 1,36,8,11,1,340.0,False,False,False,False
440501,Ministry of Education Workshop,50,8,8,1,1268.0,False,False,False,False
119801,Qasar Zabeel Road 1,41,8,8,1,903.0,False,False,False,False
818001,"Rawabi Diary, Crossing 1",49,8,7,2,12249.0,False,False,False,False
521701,"Al Warsan Fourth, Bus Stop 2 - 1",44,8,8,1,8554.0,False,False,False,False
521601,"Al Warsan Fourth, Bus Stop 1 - 1",44,8,8,1,8638.0,False,False,False,False
600001,"Safa, Veterinary Clinic 1",46,8,6,1,1740.0,False,False,False,False
895202,Nouakchott St 2,40,8,6,1,6026.0,False,False,False,False
118501,School of Research Science 1,40,8,6,1,5577.0,False,False,False,False
327501,Dubai Outsource City 1-1,40,8,6,1,11671.0,False,False,False,False
521801,"Al Warsan Fourth, Bus Stop 3 - 1",44,8,8,1,8213.0,False,False,False,False
354101,"Muhaisnah 4, Madina Mall 2-1",44,8,7,1,2555.0,False,True,False,False
305601,Salman Farsi Iranian Boys School,47,8,9,1,809.0,False,False,False,False
305701,Al Nahda Center,47,8,9,1,1097.0,False,True,False,False
880002,Dubai Womens College 2,47,8,9,1,1228.0,False,False,False,False
641101,Wade Adams Redimix 1,44,8,8,1,2264.0,False,False,False,False
444501,Town Square 1,42,8,7,1,13023.0,False,False,False,False
494501,Town Square 2,42,8,8,1,13731.0,False,False,False,False
102502,Amaan Street 3-2,60,8,10,2,5353.0,False,False,False,False
606101,"Indian High School, Al Garhoud",53,8,7,1,237.0,False,False,False,False
294101,"JLT, Al Ghurair Giga Gold Refinery",39,8,9,1,496.0,False,False,False,False
295101,"JLT, Dubai Arch Tower",39,8,9,1,462.0,False,False,False,False
247501,"JLT, Silver Tower",39,8,9,1,608.0,False,False,False,False
510001,"Wasl, Emirates Bank 1",67,8,10,2,1544.0,False,False,False,False
478001,"Al Maktoum International Airport, Departure 1",61,8,8,2,8871.0,False,False,False,False
279101,"Jebel Ali Industrial Area, Etisalat Tower 1",44,8,8,1,2112.0,False,False,False,False
192101,"Jebel Ali Industrial Area, National Polystyrene 1",44,8,8,1,2582.0,False,False,False,False
493001,"Wasl, Park 1",46,8,6,1,1705.0,False,False,False,False
291101,"JLT, Red Diamond",39,8,9,1,720.0,False,False,False,False
292101,"JLT, Damas",39,8,9,1,536.0,False,False,False,False
293101,"JLT, Tiffany Tower",39,8,9,1,444.0,False,False,False,False
570001,"Safa, Spinneys 1",46,8,7,1,1979.0,False,False,False,False
595001,"Wasl, Road 4-1",46,8,6,1,1281.0,False,False,False,False
596001,"Wasl, Rawdhat Al Abraar Masjid 1",46,8,6,1,1087.0,False,False,False,False
492001,Iranian Hospital 1,46,8,6,1,1821.0,False,False,False,False
569002,"Safa, Shoping Center 2",46,8,7,1,2302.0,False,True,False,False
597001,Falcon House 1,46,8,6,1,973.0,False,False,False,False
598001,"Wasl, Road 5-1",46,8,6,1,1093.0,False,False,False,False
599001,"Ghadeer, Emarat 1",46,8,6,1,1381.0,False,False,False,False
521102,Hidayath Stainless Steel 2,46,8,7,1,6110.0,False,False,False,False
170102,Green Field Community School 2,46,8,8,1,3362.0,False,False,False,False
552501,Depa Contracting Labour Camp 1,46,8,7,1,2320.0,False,False,False,False
495001,Noor Center 1,46,8,6,1,1695.0,False,True,False,False
496001,Jumeirah American School 1,46,8,6,1,1657.0,False,False,False,False
241601,"Al Barsha, GEMS Founders School 1",54,8,10,1,5234.0,False,False,False,False
667102,"Dubai Science Park, Foremarke School 2",54,8,10,1,6256.0,False,False,False,False
321001,"JVC, Samer Park",54,8,10,1,5957.0,False,False,False,False
608201,"Umm Suqeim, 19A St",42,8,9,1,948.0,False,False,False,False
159002,Hamriya Shopping Center 2,57,8,10,1,1049.0,False,True,False,False
297101,"JLT, Dubai Star Tower",39,8,9,1,709.0,False,False,False,False
298101,"JLT, The Dome Tower",39,8,9,1,930.0,False,False,False,False
246501,"JLT, Jumeirah Bay X1 Tower",39,8,9,1,536.0,False,False,False,False
106501,"JVC, Mirabella Villas 6",54,8,10,1,5664.0,False,False,False,False
230502,Al Seef Marine Bus Stop 2,57,8,10,1,323.0,False,False,False,False
666101,Al Seef Street,57,8,10,1,440.0,False,False,False,False
250201,"Jebel Ali Waterfront, Veneto",31,8,7,1,7907.0,False,False,False,False
485001,Beach Center 1,57,8,11,1,2355.0,False,True,False,False
208201,Al Manara Street 2-1,43,8,9,1,967.0,False,False,False,False
126701,Aldar Properties,43,8,9,1,1844.0,False,False,False,False
608301,Umm Suqeim 3 26th Street,43,8,9,1,1520.0,False,False,False,False
435502,Qasr Sabah 2,43,8,8,1,3346.0,False,False,False,False
434702,"Dubai Production City, Entrance 1 2",43,8,8,1,2785.0,False,False,False,False
434501,"Dubai Production City, Entrance 2 1",43,8,8,1,2232.0,False,False,False,False
447001,Al Mina Road 1,64,8,6,2,1955.0,False,False,False,False
448001,Hudheiba 1,64,8,7,2,1962.0,False,False,False,False
486001,Jumeirah St.Dubai Islamic Bank 1,57,8,10,1,2351.0,False,False,False,False
488001,Hassa Bint Al Murr Masjid 1,57,8,10,1,2387.0,False,False,False,False
314001,"Maktoum Hospital Road, Cemetry",46,8,8,1,306.0,False,False,False,False
167501,Amaan Street 2-1,64,8,11,2,4922.0,False,False,False,False
102501,Amaan Street 3-1,64,8,11,2,5362.0,False,False,False,False
767001,"Dubai Ports Authority, Staff Quarters 1",39,8,6,1,3980.0,False,False,False,False
436502,Publishing Pavilion Building 2,43,8,9,1,3297.0,False,False,False,False
313102,"Mizhar 1, Khartoum Street 2",39,8,7,1,5436.0,False,False,False,False
127102,"Mizhar 1, Aswaaq Centre 2",39,8,7,1,5390.0,False,True,False,False
127101,"Mizhar 1, Aswaaq Centre 1",39,8,7,1,5417.0,False,True,False,False
313101,"Mizhar 1, Khartoum Street 1",39,8,7,1,5465.0,False,False,False,False
127202,Aswaq Jima Hyper Market 2,49,8,9,1,2363.0,False,True,False,False
220501,"Jebel Ali Industrial Area, Scientechnic LLC-1",44,8,8,1,2639.0,False,False,False,False
181102,"Al Quoz, Al Qeaim Public Kitchen 2",49,8,9,1,2996.0,False,False,False,False
980002,"Al Quoz, Al Habtoor Engineering 2",49,8,9,1,2933.0,False,False,False,False
310001,"Al Barsha South, Street 16-1",51,8,9,1,4243.0,False,False,False,False
235401,Mudon Exit 1,56,8,11,1,11103.0,False,False,False,False
525502,Regent International School 2,44,8,5,1,1417.0,False,False,False,False
212501,"The Greens, Al Arta 1",44,8,5,1,1232.0,False,False,False,False
205502,Al Mizhar Mall 2,39,8,7,1,5392.0,False,True,False,False
208501,"Mizhar 1, H",39,8,7,1,6569.0,False,False,False,False
301501,"Mizhar 1, J",39,8,7,1,6331.0,False,False,False,False
206502,"Mizhar 1, F-2",39,8,7,1,5800.0,False,False,False,False
107501,"JVC, Mirabella Villas 2",54,8,10,1,5756.0,False,False,False,False
457002,Jumeirah Rotana Hotel 2,76,8,10,2,1840.0,False,False,False,False
483001,Jumeirah Centre,57,8,11,1,2305.0,False,True,False,False
320001,"Al Badaa, Street 6B",44,8,9,1,1616.0,False,False,False,False
538502,"Al Badaa, Waleed Villas, Street 6B-2",44,8,9,1,1555.0,False,False,False,False
235102,Mudon Al Salam Town Centre 2,56,8,11,1,10433.0,False,True,False,False
235302,"Mudon, 2nd Roundabout 2",56,8,11,1,10834.0,False,False,False,False
206002,"Wuhaida, School 2",45,8,8,1,1780.0,False,False,False,False
204002,Hamriya 2,45,8,8,1,1619.0,False,False,False,False
204502,"Mizhar 1, D-2",39,8,7,1,4851.0,False,False,False,False
213501,"The Greens, Al Dhafra 1",44,8,5,1,908.0,False,False,False,False
170101,Green Field Community School 1,47,8,7,1,3511.0,False,False,False,False
521101,Hidayath Stainless Steel 1,47,8,7,1,6042.0,False,False,False,False
517101,"DIP, ULMA-1",47,8,7,1,6128.0,False,False,False,False
517102,"DIP, ULMA-2",46,8,7,1,6130.0,False,False,False,False
111001,Khansa School 1,43,8,8,1,737.0,False,False,False,False
271101,Al Huraiz Establishment,42,8,6,1,3147.0,False,False,False,False
551501,Sobha Contracting Labour Camp 1,46,8,7,1,2558.0,False,False,False,False
168101,"DIP, Prakash Tradings 1",47,8,7,1,3265.0,False,False,False,False
169101,Can Pack Middle East 1,47,8,7,1,3603.0,False,False,False,False
296001,"Mizhar 1, Street 26A",39,8,7,1,4355.0,False,False,False,False
234502,"Al Mizhir 1, Arabian Center 2",39,8,7,1,4188.0,False,True,False,False
275201,Al Sabkha Road,43,8,9,1,373.0,False,False,False,False
755001,Aster Cedars Hospital 1,39,8,7,1,1685.0,False,False,False,False
191101,Specialist Services 1,44,8,8,1,1810.0,False,False,False,False
190101,"Jebel Ali Industrial Area, Star Super Cement 1",44,8,8,1,2186.0,False,False,False,False
434601,"Dubai Production City, Midtown 1",45,8,9,1,2127.0,False,False,False,False
609501,"DIP 2, Civil Defence",44,8,9,1,4710.0,False,False,False,False
651501,"DIP 2, 63rd Street",44,8,8,1,5214.0,False,False,False,False
147001,Muteena Entrance 1,39,8,8,1,644.0,False,False,False,False
543102,"Dubai World Central, Offices Park 2",42,8,8,1,6428.0,False,False,False,False
543101,"Dubai World Central, Offices Park 1",43,8,9,1,6573.0,False,False,False,False
544101,"Dubai World Central, CBG Group 1",43,8,8,1,7084.0,False,False,False,False
498101,"Dubai World Central, Freight House 1",43,8,8,1,8456.0,False,False,False,False
499102,"Dubai World Central, Gate 6-2",42,8,8,1,9824.0,False,False,False,False
468201,Al Garhoud Park 5th Street,44,8,7,1,1173.0,False,False,False,False
331002,Oxford School 2,44,8,7,1,2456.0,False,False,False,False
147002,Muteena Entrance 2,40,8,7,1,674.0,False,False,False,False
145002,Muteena Road 2,40,8,8,1,388.0,False,False,False,False
146002,Burj Nahar Mall 2,40,8,8,1,490.0,False,True,False,False
139001,Muteena,40,8,8,1,334.0,False,False,False,False
145001,Muteena Road 1,39,8,8,1,352.0,False,False,False,False
816001,Bin Bisher Farm 1,49,8,7,2,11473.0,False,False,False,False
817001,Al Khawaneej Boys School 1,49,8,7,2,11833.0,False,False,False,False
223502,Al Barsha E-2,45,8,5,1,1141.0,False,False,False,False
201501,"Mizhar 1, A-1",40,8,8,1,3384.0,False,False,False,False
630301,"Al Quoz, Bus Station External",49,8,11,1,944.0,False,False,False,False
161504,Deira City Center Bus Station 4,54,8,10,1,264.0,False,True,False,False
123101,"Ras Al Khor, Samari Development",55,8,10,1,4387.0,False,False,False,False
323101,"Ajman, Giant Supermarket 1",59,8,9,1,1985.0,False,True,False,False
217501,"Al Barsha, Dubai National School 1",44,8,6,1,1115.0,False,False,False,False
222501,Al Barsha D-1,44,8,5,1,1156.0,False,False,False,False
223501,Al Barsha E-1,44,8,5,1,1082.0,False,False,False,False
203002,Abu Hail Road 2,57,8,9,1,1528.0,False,False,False,False
230501,Al Seef Marine Bus Stop 1,57,8,10,1,185.0,True,False,False,False
222502,Al Barsha D-2,45,8,5,1,1099.0,False,False,False,False
217502,"Al Barsha, Dubai National School 2",45,8,5,1,1126.0,False,False,False,False
138001,Muteena Park 1,39,8,8,1,513.0,False,False,False,False
364101,"Ajman, Al Manama Mall 1",59,8,9,1,1586.0,False,True,False,False
433502,Dubai Production City F Street 2,45,8,8,1,2449.0,False,False,False,False
235201,"Mudon, 3rd Roundabout 1",56,8,11,1,11100.0,False,False,False,False
477002,"Garhoud, Dubai Municipality Nursery 2",33,7,5,1,232.0,False,False,False,False
540501,Umm Hurair Residences 3,46,7,8,1,392.0,False,False,False,False
979002,"Al Quoz, Al Shirawi Equipment Co 2",50,7,8,1,2177.0,False,False,False,False
164501,"Al Warsan 1, Eppco",37,7,7,2,7928.0,False,False,False,False
304202,"Al Quoz, Bin Ghaleith Masjid 2",46,7,7,1,1928.0,False,False,False,False
303202,"Al Quoz, Kanoo Machinery Company 2",46,7,7,1,1349.0,False,False,False,False
237501,"Nad Al Shiba 2, Main Masjid 1",42,7,8,1,4609.0,False,False,False,False
908001,"Nad Al Shiba, Intersection 1-1",42,7,8,1,5603.0,False,False,False,False
536601,"Silicon Oasis, Cedre Villas 1",42,7,8,1,10248.0,False,False,False,False
253001,"Rashidiya, Veterinary Clinic",44,7,7,1,899.0,False,False,False,False
843002,"Awir, Terminus 2",41,7,8,2,14887.0,False,False,False,False
119802,Qasar Zabeel Road 2,39,7,7,1,914.0,False,False,False,False
229501,Tilal Al Ghaf 1,45,7,9,1,6983.0,False,False,False,False
229502,Tilal Al Ghaf 2,45,7,9,1,6622.0,False,False,False,False
187001,Ministry of Environment 1,43,7,5,1,449.0,False,False,False,False
450002,Dubai Dry Docks 2,35,7,5,1,2348.0,False,False,False,False
153001,Port Saeed 1,35,7,4,1,820.0,False,False,False,False
154002,"Port Saeed, Masjid 2",35,7,5,1,325.0,False,False,False,False
155002,Al Rigga Metro Bus Stop 2,35,7,5,1,26.0,True,False,True,True
307501,Algeria Street 2-1,57,7,11,2,3729.0,False,False,False,False
308501,Algeria Street 3-1,57,7,11,2,3473.0,False,False,False,False
456101,"Al Warsan 3, Civil Defence Training Centre",46,7,8,2,10901.0,False,True,False,False
809001,Sultan Khalifa Masjid,51,7,8,2,8706.0,False,False,False,False
814001,Al Khawaneej Road 1,51,7,8,2,8159.0,False,False,False,False
812002,Mizhar 2 Turnoff 2,51,7,9,2,6469.0,False,False,False,False
654501,"DIP 2, Yalayis Centre",44,7,9,1,6138.0,False,True,False,False
548502,"The Green Community, Terrace Apartments 2",44,7,8,1,896.0,False,False,False,False
547502,Dubai Investment Park Offices 2,44,7,8,1,431.0,False,False,False,False
608101,"DIP 2, Al Salam Masjid",44,7,9,1,5490.0,False,False,False,False
544102,"Dubai World Central, CBG Group 2",42,7,8,1,7133.0,False,False,False,False
200202,Dubai Studio City Entrance 1-2,35,7,6,1,7509.0,False,False,False,False
449001,"Caltex, Reservoir 1",35,7,5,1,2110.0,False,False,False,False
302001,"Arabian Factory, Doha Road",42,7,7,1,1850.0,False,False,False,False
197502,"Al Nahda, Zuleikha Hospital 2",42,7,7,1,2573.0,False,False,False,False
196502,"Al Nahda, The Sheffeild Private School 2",42,7,7,1,2767.0,False,False,False,False
379501,"Arabian Ranches, Saheel Gate 1",35,7,7,1,9495.0,False,False,False,False
301001,"Joyalukkas warehouse, Doha Road",42,7,7,1,1550.0,False,False,False,False
991001,Muhaisnah 1A-1,39,7,8,1,2799.0,False,False,False,False
992001,Muhaisnah 1B-1,39,7,8,1,2347.0,False,False,False,False
207001,"Hamriya, Clinic 1",43,7,9,1,1836.0,False,False,False,False
163502,Lulu Village 2,43,7,9,1,2952.0,False,False,False,False
151502,"Muhaisnah 2, Bus Station External 2",37,7,5,1,3434.0,False,False,False,False
951001,"Ras Al Khor, Veg. Mkt. Main Cars Park",33,7,6,1,5810.0,False,False,False,False
447002,Al Mina Road 2,65,7,6,2,1964.0,False,False,False,False
471102,All Metal Industries Foundry L.L.C 2,44,7,7,1,2748.0,False,False,False,False
705002,"Jebel Ali Gardens, Turnoff 2",86,7,8,3,828.0,False,False,False,False
433501,Dubai Production City F Street 1,43,7,8,1,2455.0,False,False,False,False
502501,"The Green Community, West Gate Entrance 1",45,7,8,1,505.0,False,False,False,False
503501,"The Green Community, East Gate Entrance 1",45,7,9,1,709.0,False,False,False,False
504501,"The Green Community, Main Gate Entrance 1",45,7,9,1,943.0,False,False,False,False
505501,"The Green Community, Choithram Supermarket 1",45,7,9,1,1046.0,False,True,False,False
646301,"Jebel Ali Waterfront, DUCAB HQ",31,7,7,1,6967.0,False,False,False,False
767002,"Dubai Ports Authority, Staff Quarters 2",40,7,9,1,4056.0,False,False,False,False
756002,"Dubai Ports Authority, Free Zone Office 2",40,7,8,1,1726.0,False,False,False,False
231501,Al Arouba Street 1,57,7,10,1,2025.0,False,False,False,False
126801,Gulf Insurance Company,43,7,9,1,761.0,False,False,False,False
627501,Al Furjan Apartment 2-1,35,7,7,1,607.0,False,False,False,False
497001,Wasl Emarat Petrol Station 1,46,7,6,1,1676.0,False,False,False,False
303201,"Al Quoz, Kanoo Machinery Company 1",46,7,7,1,1267.0,False,False,False,False
304201,"Al Quoz, Bin Ghaleith Masjid 1",46,7,7,1,1805.0,False,False,False,False
653001,"Umm Suqeim, Junction",46,7,7,1,1042.0,False,False,False,False
650002,"Wasl Road, Enoc 2",46,7,7,1,1121.0,False,False,False,False
494002,"Wasl, Road 1-2",46,7,6,1,1740.0,False,False,False,False
497002,Wasl Emarat Petrol Station 2,46,7,6,1,1672.0,False,False,False,False
496002,Jumeirah American School 2,46,7,7,1,1638.0,False,False,False,False
613001,"Wasl, Road 7-1",46,7,6,1,1922.0,False,False,False,False
614001,Thanaya Junction 1,46,7,6,1,1721.0,False,False,False,False
652001,TV Relay Station 1,46,7,6,1,1411.0,False,False,False,False
494001,"Wasl, Road 1-1",46,7,6,1,1749.0,False,False,False,False
200701,"Dubai Studio City, Glitz 3",44,7,7,1,8626.0,False,False,False,False
200601,"Dubai Studio City, Glitz 2",44,7,7,1,8957.0,False,False,False,False
895601,Museum of the Future,62,7,11,2,179.0,True,False,False,False
654001,Umm Sheif 1,46,7,6,1,1223.0,False,False,False,False
650001,"Wasl Road, Enoc 1",46,7,6,1,1136.0,False,False,False,False
502001,"Hudheiba, Road 1",35,7,5,1,1446.0,False,False,False,False
826001,"Awir, CMC Rounabout 1",49,7,8,2,16429.0,False,False,False,False
445501,Mira Towncentre,42,7,8,1,13935.0,False,True,False,False
448501,Mira 5 Community,42,7,8,1,14598.0,False,False,False,False
193101,"Jebel Ali Industrial Area,Cleenol Middle East 1",44,7,7,1,2209.0,False,False,False,False
927001,Quds Street 1,48,7,9,1,811.0,False,False,False,False
928001,Quds Street 2,48,7,9,1,789.0,False,False,False,False
475001,Cricket Stadium 1,34,7,5,1,1157.0,False,False,False,False
474102,Royal Engineering Fabrication Company 2,44,7,8,1,2500.0,False,False,False,False
472102,Bustan Macaroni & Noodles Co 2,44,7,8,1,2133.0,False,False,False,False
463001,Mira Oasis,42,7,7,1,13934.0,False,False,False,False
274001,"Dubai Police, Planning & Development Department",38,7,7,1,519.0,False,False,False,False
651001,"Umm Suqeim, Etisalat",46,7,6,1,1058.0,False,False,False,False
612001,"Wasl, Road 6-1",46,7,6,1,2146.0,False,False,False,False
547001,Bur Dubai Al Nahda Street 2,46,7,8,1,445.0,False,False,False,False
498102,"Dubai World Central, Freight House 2",42,7,7,1,8362.0,False,False,False,False
192002,Gargash Automobiles 2,35,7,5,1,717.0,False,False,False,False
190002,Renault Service Center 2,35,7,4,1,771.0,False,True,False,False
309501,Algeria Street 4-1,57,7,11,2,3255.0,False,False,False,False
292002,"Al Twar, Union Cooperative Society 2",38,7,6,1,188.0,True,False,False,False
808001,Al Khawaneej Road 4 1,51,7,7,2,10300.0,False,False,False,False
810001,Al Khawaneej Road 3,51,7,7,2,9480.0,False,False,False,False
476001,"Jaddaf, DM Officers Recreation Club 1",34,7,5,1,650.0,False,False,False,False
477001,"Garhoud, Dubai Municipality Nursery 1",34,7,6,1,241.0,False,False,False,False
820001,"Imam Al Shafi Masjid, Amardi 1",49,7,7,2,13578.0,False,False,False,False
821001,"Amardi, Road 1-1",49,7,7,2,13886.0,False,False,False,False
824001,"Amardi, Road 4-1",49,7,8,2,15639.0,False,False,False,False
825001,"Awir, Etisalat 1",49,7,8,2,16163.0,False,False,False,False
358002,"Mushrif, Park 2",51,7,9,2,5901.0,False,False,False,False
345002,"Mushrif, Eppco 2",51,7,9,2,4196.0,False,False,False,False
190001,Renault Service Center 1,35,7,4,1,869.0,False,True,False,False
192001,Gargash Automobiles 1,35,7,4,1,720.0,False,False,False,False
193001,Kangaroo Plastics 1,35,7,4,1,821.0,False,False,False,False
451002,Executive Court 2,35,7,5,1,2314.0,False,False,False,False
476002,"Jaddaf, DM Officers Recreation Club 2",33,7,5,1,657.0,False,False,False,False
174001,Manama Road 6-1,40,7,6,1,10304.0,False,False,False,False
475002,Cricket Stadium 2,33,7,5,1,1098.0,False,False,False,False
731001,"Jebel Ali Free Zone, Kanoo Group 1",40,6,6,1,3837.0,False,False,False,False
614502,Naboodah Cargo Centre 2,40,6,6,1,3534.0,False,True,False,False
677102,"Hatta, Hill Park Shabia A-2",25,6,6,1,88481.0,False,False,False,False
676102,"Hatta, Hill Park A-2",25,6,6,1,88192.0,False,False,False,False
153501,Creek Park Main Gate,28,6,6,1,605.0,False,False,False,False
291501,Wafi Residences,28,6,6,1,169.0,True,False,False,False
231102,New Modern Pharmacy 2,28,6,6,1,292.0,False,False,False,False
614501,Naboodah Cargo Centre 1,41,6,6,1,3564.0,False,True,False,False
733002,"Jebel Ali Free Zone, Roundabout 12-B",41,6,6,1,3709.0,False,False,False,False
710102,"Masfoot, FEWA Office A-2",25,6,6,1,85386.0,False,False,False,False
711102,"Masfoot, National Bank Of Umm Al Quwain A-2",25,6,6,1,85691.0,False,False,False,False
674102,"Hatta, Hatta Club A-2",25,6,6,1,86605.0,False,False,False,False
671102,"Hatta, Dubai Municipality Pest Control Section A-2",25,6,6,1,86866.0,False,False,False,False
672102,"Hatta, Fruits & Vegetable Market A-2",25,6,6,1,87491.0,False,True,False,False
669102,"Hatta, Al Dhahra, Basic & Sec Edu School A-2",25,6,6,1,88034.0,False,False,False,False
675102,"Hatta, Hatta Hospital A-2",25,6,6,1,88174.0,False,False,False,False
673102,"Hatta, Hatta Boys School A-2",25,6,6,1,88366.0,False,False,False,False
219002,"Mamzar, Beach 2-2",32,6,5,1,2308.0,False,False,False,False
218002,"Mamzar, Beach 1-2",32,6,5,1,2000.0,False,False,False,False
372502,"Al Wuheida, Ali Bin Abi Talib Masjid 2",32,6,5,1,1825.0,False,False,False,False
127001,"Deira, Post Office",32,6,6,1,177.0,True,False,False,False
168002,"Abu Hail, Masjid Al Salam 2",32,6,5,1,572.0,False,False,False,False
204201,"Al Jaddaf, Palazzo 1",34,6,6,1,733.0,False,False,False,False
703101,Al Jaddaf Marine Bus Stop 1,33,6,6,1,124.0,True,False,False,False
204202,"Al Jaddaf, Palazzo 2",33,6,6,1,736.0,False,False,False,False
225001,"Mamzar, Beach 8",32,6,5,1,2127.0,False,False,False,False
224002,"Mamzar, Beach 7-2",32,6,5,1,2531.0,False,False,False,False
223002,"Mamzar, Beach 6-2",32,6,5,1,2727.0,False,False,False,False
221002,"Mamzar, Beach 4-2",32,6,5,1,2783.0,False,False,False,False
220002,"Mamzar, Beach 3-2",32,6,5,1,2525.0,False,False,False,False
912002,International Center For Biosaline Agriculture 2,36,6,6,1,13254.0,False,True,False,False
204401,"Al Jaddaf, Wharf Tower 4 1",34,6,6,1,357.0,False,False,False,False
204301,"Al Jaddaf, Culture Village 1",34,6,6,1,518.0,False,False,False,False
546001,Bur Dubai Al Nahda Street 1,46,6,8,1,228.0,False,False,False,False
328502,Dubai Outsource City 2-2,39,6,8,1,12257.0,False,False,False,False
327502,Dubai Outsource City 1-2,39,6,8,1,11836.0,False,False,False,False
174002,Manama Road 6-2,39,6,8,1,9954.0,False,False,False,False
114601,"International City, Manama Street 5 1",39,6,8,1,9061.0,False,False,False,False
118502,School of Research Science 2,39,6,8,1,5764.0,False,False,False,False
409501,"Oud Al Muteena 2, F-1",37,6,5,1,5148.0,False,False,False,False
413501,"Oud Al Muteena 2, G-1",37,6,5,1,4456.0,False,False,False,False
421501,"Oud Al Muteena 2, H-1",37,6,5,1,4187.0,False,False,False,False
444301,"Oud Al Muteena, 32 Street",37,6,5,1,3728.0,False,False,False,False
315101,"Muhaisnah 2, Medical Fitness Centre 2",36,6,5,1,3501.0,False,True,False,False
442601,"Oud Al Muteena, 33 Street",36,6,6,1,4239.0,False,False,False,False
421502,"Oud Al Muteena 2, H-2",36,6,6,1,4222.0,False,False,False,False
459501,"Oud Al Muteena 2, J-1",36,6,6,1,4093.0,False,False,False,False
381001,"Oud Al Muteena 2, C-1",36,6,6,1,4561.0,False,False,False,False
384001,"Oud Al Muteena 2, E-1",36,6,6,1,5154.0,False,False,False,False
416501,"Oud Al Muteena 2, Grand Masjid 1",36,6,6,1,5324.0,False,False,False,False
236102,"Oud Al Muteena 2, Grand Masjid 2",37,6,5,1,5418.0,False,False,False,False
122201,"Muhaisnah 2, Medical Fitness Centre 1",37,6,5,1,3405.0,False,True,False,False
316102,"Muhaisnah 2, Al Kamali Masjid 2",37,6,5,1,2980.0,False,False,False,False
355104,"Muhaisnah 1, Etihad Mall 4",37,6,6,1,2826.0,False,True,False,False
211202,Muhaisnah Health Center 2,37,6,6,1,2392.0,False,True,False,False
945001,"Hamriya, Street 1",32,6,5,1,491.0,False,False,False,False
944001,"Hamriya, Masjid 1",32,6,6,1,592.0,False,False,False,False
360502,"Wuheida, Street 22-2",32,6,6,1,1503.0,False,False,False,False
372501,"Al Wuheida, Ali Bin Abi Talib Masjid 1",32,6,6,1,1818.0,False,False,False,False
217001,Mamzar,32,6,5,1,2299.0,False,False,False,False
698101,"Masfoot, Al Yaqoot Kindergarten A-1",25,6,6,1,83174.0,False,False,False,False
705101,"Masfoot, Sheikh Khalifa Hospital A-1",25,6,6,1,82425.0,False,False,False,False
705102,"Masfoot, Sheikh Khalifa Hospital A-2",25,6,6,1,82449.0,False,False,False,False
698102,"Masfoot, Al Yaqoot Kindergarten A-2",25,6,6,1,83208.0,False,False,False,False
706102,"Masfoot, Warqa Public Park A-2",25,6,6,1,83683.0,False,False,False,False
712102,"Masfoot, Police Station A-2",25,6,6,1,84420.0,False,False,False,False
699102,"Masfoot, Commercial Area A-2",25,6,6,1,84692.0,False,False,False,False
709102,"Masfoot, Emirates Post A-2",25,6,6,1,85085.0,False,False,False,False
671101,"Hatta, Dubai Municipality Pest Control Section A-1",25,6,6,1,86857.0,False,False,False,False
674101,"Hatta, Hatta Club A-1",25,6,6,1,86616.0,False,False,False,False
711101,"Masfoot, National Bank Of Umm Al Quwain A-1",25,6,6,1,85943.0,False,False,False,False
710101,"Masfoot, FEWA Office A-1",25,6,6,1,85387.0,False,False,False,False
709101,"Masfoot, Emirates Post A-1",25,6,6,1,85098.0,False,False,False,False
699101,"Masfoot, Commercial Area A-1",25,6,6,1,84676.0,False,False,False,False
712101,"Masfoot, Police Station A-1",25,6,6,1,84412.0,False,False,False,False
706101,"Masfoot, Warqa Public Park A-1",25,6,6,1,83674.0,False,False,False,False
677101,"Hatta, Hill Park Shabia A-1",25,6,6,1,88490.0,False,False,False,False
673101,"Hatta, Hatta Boys School A-1",25,6,6,1,88349.0,False,False,False,False
675101,"Hatta, Hatta Hospital A-1",25,6,6,1,88166.0,False,False,False,False
669101,"Hatta, Al Dhahra, Basic & Sec Edu School A-1",25,6,6,1,88021.0,False,False,False,False
672101,"Hatta, Fruits & Vegetable Market A-1",25,6,6,1,87498.0,False,True,False,False
195501,Abu Hail Bus Station 1,38,6,6,1,59.0,True,False,False,False
456201,"Al Warsan, DEWA Staff Accommodation",37,6,6,1,9964.0,False,False,False,False
881002,HH Sh.Rashid AlMaktoum Pakistan School 2,14,6,0,1,1248.0,False,False,False,False
816901,American International School 1,14,6,0,1,933.0,False,False,False,False
817101,Dubai National School 1,14,6,0,1,729.0,False,False,False,False
675601,Amity School 1,14,6,0,1,453.0,False,False,False,False
482502,"Sharjah, Madina Shopping Centre 2",36,6,5,1,6081.0,False,True,False,False
481502,"Sharjah, Hala Building 2",36,6,5,1,6125.0,False,False,False,False
683102,"Sharjah, Maliha Road, Manama Supermarket 2",36,6,5,1,5945.0,False,True,False,False
691101,"Sharjah, Maliha Road, Madina Supermarket",36,6,5,1,5904.0,False,True,False,False
481501,"Sharjah, Hala Building 1",37,6,6,1,6150.0,False,False,False,False
351001,"Mirdiff, 83rd Street 1",32,6,5,1,3175.0,False,False,False,False
290601,"Silicon Oasis, RTI Dubai 1",42,6,8,1,9700.0,False,False,False,False
393002,Silicon Oasis High Bay 2,42,6,8,1,9178.0,False,False,False,False
521602,"Al Warsan Fourth, Bus Stop 1 - 2",42,6,8,1,8656.0,False,False,False,False
521702,"Al Warsan Fourth, Bus Stop 2 - 2",42,6,8,1,8447.0,False,False,False,False
521802,"Al Warsan Fourth, Bus Stop 3 - 2",42,6,8,1,8256.0,False,False,False,False
146501,"International City, ibis Styles Hotel",50,6,7,2,6959.0,False,False,False,False
193002,Kangaroo Plastics 2,35,6,5,1,740.0,False,False,False,False
306501,Algeria Street 1-1,33,6,6,1,4015.0,False,False,False,False
295001,Fortune Plaza Hotel 1,39,6,5,1,735.0,False,True,False,False
217101,"Hor Al Anz East, Dar Al Aman Building",35,6,5,1,354.0,False,False,False,False
214001,"Hor Al Anz East, Terminus",35,6,5,1,557.0,False,False,False,False
196001,Khabeesie 20th Street,35,6,5,1,213.0,False,False,False,False
194002,Dubai Oxygen 2,35,6,5,1,491.0,False,False,False,False
154001,"Port Saeed, Masjid 1",35,6,5,1,298.0,False,False,False,False
841001,Awir 2,33,6,6,1,14776.0,False,False,False,False
839002,Awir 1-2,33,6,6,1,15430.0,False,False,False,False
838002,"Awir, Girls School 2",33,6,6,1,15549.0,False,False,False,False
837002,"Awir, Dubai Municipality Center 2",33,6,6,1,15931.0,False,True,False,False
836002,"Awir, Boys School 2",33,6,6,1,16313.0,False,False,False,False
827002,"Awir, Masjid 2",33,6,6,1,16447.0,False,False,False,False
295002,Fortune Plaza Hotel 2,38,6,5,1,689.0,False,True,False,False
601002,Ghurair City 2,35,6,5,1,383.0,False,False,False,False
601001,Ghurair City 1,35,6,5,1,509.0,False,False,False,False
429501,"Mirdiff, 12th Street 3",32,6,5,1,1961.0,False,False,False,False
430501,"Mirdiff, 65A Street",32,6,5,1,2307.0,False,False,False,False
431501,"Mirdiff, 69B Street",32,6,5,1,2461.0,False,False,False,False
350001,"Mirdiff, Bilal Bin Rabah Masjid 1",32,6,5,1,2701.0,False,False,False,False
256101,Al Jafiliya Bus Station 1,48,6,6,1,105.0,True,False,False,False
513901,Zayed International Airport - Terminal A,48,6,6,1,73877.0,False,False,False,False
516502,"Al Warqaa, Sharjah American Intl School 2",38,6,6,1,5080.0,False,False,False,False
460502,Al Warqaa G-2,38,6,6,1,5505.0,False,False,False,False
125102,"Al Warqaa, Desert Group Building 5-2",38,6,6,1,5291.0,False,False,False,False
126502,"Al Warqaa, Ibrahim Tower 2",38,6,6,1,5148.0,False,False,False,False
141002,"Al Warqaa, Mansoor Sharaf Tower 2",38,6,6,1,5164.0,False,False,False,False
129502,"Al Warqaa, International Academic School 2",38,6,6,1,5030.0,False,False,False,False
534501,"The Meadows, Town Centre 1",32,6,5,1,3459.0,False,True,False,False
535501,"The Meadows, Dubai British School",33,6,6,1,3387.0,False,False,False,False
534502,"The Meadows, Town Centre 2",31,6,6,1,3484.0,False,True,False,False
533501,"The Springs, Entrance gate 3-1",31,6,6,1,3859.0,False,False,False,False
532501,"The Meadows, Entrance gate 7-1",31,6,6,1,3987.0,False,False,False,False
125101,"Al Warqaa, Desert Group Building 5-1",36,6,6,1,5308.0,False,False,False,False
993001,Muhaisnah 1C-1,37,6,6,1,2268.0,False,False,False,False
845101,"Amardi Road, Masjid Khawaneej 1",32,6,6,1,11141.0,False,False,False,False
450001,Dubai Dry Docks 1,35,6,5,1,2361.0,False,False,False,False
451001,Executive Court 1,35,6,5,1,2329.0,False,False,False,False
449002,"Caltex, Reservoir 2",35,6,5,1,2030.0,False,False,False,False
126001,Al Sabkha Marine Bus Stop 1,35,6,5,1,130.0,True,False,False,False
125001,Dubai Intercontinental Hotel,35,6,5,1,363.0,False,False,False,False
367501,Dubai Municipality Headquarter,35,6,5,1,179.0,True,False,False,False
284002,"Mirdiff, Mirdiff Mall 2",37,6,6,1,4406.0,False,True,False,False
427601,"Mirdiff, 47th Street 3",37,6,6,1,4075.0,False,False,False,False
293501,"Mirdiff, Mediclinic",37,6,6,1,3506.0,False,False,False,False
811001,"Amardi, Boys School 1",35,6,4,1,11041.0,False,False,False,False
212601,The Green Souq,32,6,6,1,583.0,False,True,False,False
213502,"The Greens, Al Dhafra 2",32,6,6,1,898.0,False,False,False,False
212502,"The Greens, Al Arta 2",32,6,6,1,1275.0,False,False,False,False
526502,The Lakes Turnoff 2,32,6,6,1,1906.0,False,False,False,False
697002,Emirates Hills Turnoff 2,32,6,6,1,3560.0,False,False,False,False
529502,"The Springs, Entrance gate 5-2",32,6,6,1,4140.0,False,False,False,False
530502,"The Meadows, Entrance gate 8-2",32,6,6,1,4133.0,False,False,False,False
616002,International School of Choueifat 2,38,6,7,1,2344.0,False,False,False,False
612502,"DIP1, Schon Business Park 2",38,6,7,1,2813.0,False,False,False,False
611002,DIP1 Tamcom 2,38,6,7,1,3340.0,False,False,False,False
129501,"Al Warqaa, International Academic School 1",36,6,6,1,5090.0,False,False,False,False
141001,"Al Warqaa, Mansoor Sharaf Tower 1",36,6,6,1,5162.0,False,False,False,False
126501,"Al Warqaa, Ibrahim Tower 1",36,6,6,1,5150.0,False,False,False,False
617502,"DIP1, Emicool Plant 2",37,6,7,1,1837.0,False,False,False,False
858001,"Hatta, Bus Station 1",36,6,7,2,87400.0,False,False,False,False
516501,"Al Warqaa, Sharjah American Intl School 1",36,6,6,1,5134.0,False,False,False,False
858004,,29,6,6,1,87395.0,False,False,False,False
860201,,29,6,6,1,87740.0,False,False,False,False
860301,,29,6,6,1,87619.0,False,False,False,False
858101,,29,6,6,1,87455.0,False,False,False,False
860101,,29,6,6,1,90217.0,False,False,False,False
453502,Al Warqaa Masjid 2,38,6,6,1,3738.0,False,False,False,False
259101,"Al Nahda 1, Sama Residence",37,6,5,1,699.0,False,False,False,False
258101,"Al Nahda 1, Mattar Plaza",37,6,5,1,1012.0,False,True,False,False
261101,"Al Qusais 1, LuLu Hypermarket",37,6,5,1,439.0,False,True,False,False
101006,Stadium Bus Station 6,37,6,5,1,159.0,True,False,False,False
642102,Emirates Group Logistics Center 2,37,6,6,1,3312.0,False,True,False,False
648502,"Muhaisnah 4, Lootah Building 2",37,6,6,1,2592.0,False,False,False,False
286102,"Muhaisnah 4, Jamal Building 2",37,6,6,1,2949.0,False,False,False,False
458502,Al Warqaa E-21,38,6,6,1,4124.0,False,False,False,False
519502,"Al Warqaa, Emirates Post 2",38,6,6,1,4324.0,False,False,False,False
520502,"Al Warqaa, Grand Masjid 2",38,6,5,1,4630.0,False,False,False,False
521502,"Al Warqaa, ETISALAT Tower 2",38,6,5,1,4558.0,False,False,False,False
457502,Al Warqaa D-2,38,6,5,1,4054.0,False,False,False,False
456502,Al Warqaa C-2,38,6,5,1,3617.0,False,False,False,False
455502,Al Warqaa B-2,38,6,5,1,3269.0,False,False,False,False
801501,"Al Safa, Street 8B, Private School 1",31,6,5,1,1706.0,False,False,False,False
792501,"Al Safa, Street 13, Al Razi Boys School 1",31,6,5,1,1542.0,False,False,False,False
781501,"Al Safa, Street 13A-1",31,6,5,1,1492.0,False,False,False,False
302301,Onpassive Metro Bus Stop Seaside,31,6,4,1,91.0,True,False,False,False
853501,"Al Safa 1, Street 19, Jumeirah College 1",31,6,5,1,2003.0,False,False,False,False
926001,Sheikh Rashid Colony 2,30,6,5,1,742.0,False,False,False,False
194001,Dubai Oxygen 1,35,6,4,1,562.0,False,False,False,False
636501,"Hor Al Anz East, Abu Hail Park",35,6,5,1,624.0,False,False,False,False
637501,"Hor Al Anz East, Hor Al Anz Health Centre",35,6,5,1,821.0,False,True,False,False
215001,"Hor Al Anz, Library",35,6,5,1,788.0,False,False,False,False
719001,"Le Meridien Hotel, Accommodation 1",38,6,6,1,3538.0,False,False,False,False
720001,Ducast Factory 1,38,6,6,1,3811.0,False,False,False,False
635301,Bahar Plastic Factory 2,38,6,6,1,3382.0,False,False,False,False
902802,"Nadd Al Hamar, Aswaq Mall 2",38,6,6,1,3889.0,False,True,False,False
902702,"Nadd Al Hamar, One Square Mall 2",38,6,6,1,4098.0,False,True,False,False
902602,"Nadd Al Hamar, Avenues 2",38,6,6,1,4614.0,False,False,False,False
954503,Equiti Metro Bus Stop Landside 3,32,6,6,1,122.0,True,False,False,False
841501,"Al Garhoud, Sheikh Zayed Housing Program 1",38,6,6,1,1256.0,False,False,False,False
903002,Nadd Al Hamar Park 2,38,6,6,1,3238.0,False,False,False,False
902902,"Nadd Al Hamar, Health Center 2",38,6,6,1,3628.0,False,True,False,False
517502,Al Warqaa Our Own High School 2,38,6,6,1,4448.0,False,False,False,False
124502,"Al Warqaa, Charity Tower 2",38,6,6,1,4208.0,False,False,False,False
124102,"Al Warqaa, ASCANA 3 Building 2",38,6,6,1,3897.0,False,False,False,False
133102,"Al Warqaa, La Lune Building 2",38,6,6,1,3903.0,False,False,False,False
527501,Dubai International Academy 1,31,6,6,1,2709.0,False,False,False,False
526501,The Lakes Turnoff 1,31,6,6,1,1965.0,False,False,False,False
525501,Regent International School 1,31,6,6,1,1430.0,False,False,False,False
531501,"The Springs, Entrance gate 4-1",31,6,6,1,4067.0,False,False,False,False
530501,"The Meadows, Entrance gate 8-1",31,6,6,1,4163.0,False,False,False,False
529501,"The Springs, Entrance gate 5-1",31,6,6,1,4163.0,False,False,False,False
697001,Emirates Hills Turnoff 1,31,6,6,1,3177.0,False,False,False,False
630201,"Al Furjan, The Manor Hotel",35,6,7,1,1669.0,False,False,False,False
624701,Al Furjan Topaz Avenue,35,6,7,1,1696.0,False,False,False,False
624801,Al Furjan Zone A,35,6,7,1,1200.0,False,False,False,False
624901,Al Furjan Zone I,35,6,7,1,956.0,False,False,False,False
625201,Al Furjan Zone W,35,6,7,1,782.0,False,False,False,False
623002,Al Furjan Spinneys 2,35,6,7,1,346.0,False,False,False,False
625301,Al Furjan Masakin,35,6,7,1,438.0,False,False,False,False
625401,Al Furjan Murooj,35,6,7,1,492.0,False,False,False,False
159102,Discovery Garden 12-2,33,6,7,1,375.0,False,False,False,False
619501,Al Furjan Entrance,33,6,7,1,236.0,False,False,False,False
623001,Al Furjan Spinneys 1,33,6,7,1,447.0,False,False,False,False
624501,Al Furjan Apartment 1-1,33,6,7,1,402.0,False,False,False,False
628501,Al Furjan KP Mart 1,35,6,7,1,856.0,False,False,False,False
630101,Al Furjan Green Bridge 1,35,6,7,1,840.0,False,False,False,False
631101,Advanced Care Oncology Center,35,6,7,1,1234.0,False,True,False,False
624602,"Al Furjan, Rakayez DB2",35,6,7,1,1371.0,False,False,False,False
675002,Habtoor Equipment Corporation 2,37,6,6,1,2526.0,False,False,False,False
674002,Al Quoz Depot 2,37,6,6,1,2782.0,False,False,False,False
634002,Danways Emarat 2,37,6,6,1,3002.0,False,False,False,False
635001,National Taxi 1,37,6,6,1,3363.0,False,False,False,False
720002,Ducast Factory 2,37,6,6,1,3787.0,False,False,False,False
719002,"Le Meridien Hotel, Accommodation 2",37,6,6,1,3564.0,False,False,False,False
135501,"Al Quoz, Gargash Construction Accommodation",37,6,6,1,3422.0,False,False,False,False
713001,Jebel Ali Gardens 7,37,6,7,1,149.0,True,False,False,False
714001,Jebel Ali Gardens 8,37,6,7,1,378.0,False,False,False,False
715001,Jebel Ali Gardens 9,37,6,7,1,692.0,False,False,False,False
385501,"Arabian Ranches, Mirador Gate 1",35,6,6,1,10708.0,False,False,False,False
386501,"Arabian Ranches, Al Reem 3",35,6,6,1,11191.0,False,False,False,False
233102,"Arabian Ranches, Al Reem 2",35,6,6,1,11424.0,False,False,False,False
387501,"Arabian Ranches, Mirador Gate 2",35,6,6,1,11389.0,False,False,False,False
388501,"Arabian Ranches, Terranova Gate",35,6,6,1,11299.0,False,False,False,False
389501,"Arabian Ranches, Al Mahra Gate",35,6,6,1,11215.0,False,False,False,False
390501,"Arabian Ranches, Ambulance Station",35,6,6,1,11128.0,False,False,False,False
391501,"Arabian Ranches, Hattan",35,6,7,1,10670.0,False,False,False,False
200201,Dubai Studio City Entrance 1-1,35,6,7,1,7567.0,False,False,False,False
380501,"Arabian Ranches, Saheel Gate 2",35,6,6,1,9480.0,False,False,False,False
381501,"Arabian Ranches, Saheel Gate 3",35,6,6,1,9805.0,False,False,False,False
382501,"Arabian Ranches, Retail Centre",35,6,6,1,10150.0,False,True,False,False
383501,"Arabian Ranches, JESS School",35,6,6,1,10063.0,False,False,False,False
384501,"Arabian Ranches, Savannah Gate 1",35,6,6,1,10297.0,False,False,False,False
902801,"Nadd Al Hamar, Aswaq Mall 1",38,6,6,1,3927.0,False,True,False,False
902901,"Nadd Al Hamar, Health Center 1",38,6,6,1,3639.0,False,True,False,False
841502,"Al Garhoud, Sheikh Zayed Housing Program 2",38,6,6,1,1278.0,False,False,False,False
768501,"Al Garhood, Cambridge Intl School",38,6,6,1,1364.0,False,False,False,False
651101,"Al Garhoud, American College of Dubai",38,6,6,1,1303.0,False,False,False,False
902501,"Nadd Al Hamar, The City School Intl.",38,6,6,1,4074.0,False,False,False,False
902601,"Nadd Al Hamar, Avenues 1",38,6,6,1,4592.0,False,False,False,False
902701,"Nadd Al Hamar, One Square Mall 1",38,6,6,1,4130.0,False,True,False,False
317101,"Muhaisnah 2, Al Ghurair Labour Camp 1",37,6,5,1,3145.0,False,False,False,False
555002,Mazaya Center 2,27,6,5,1,309.0,False,True,False,False
316101,"Muhaisnah 2, Al Kamali Masjid 1",37,6,5,1,2932.0,False,False,False,False
105701,"Umm Ramool, Street 25, Khansaheb",38,6,6,1,893.0,False,False,False,False
903401,"Nadd Al Hamar Road, Service Road",38,6,6,1,1424.0,False,False,False,False
105801,"Umm Ramool, Areen East West",38,6,6,1,1229.0,False,False,False,False
903202,Dubai Commer City 2,38,6,6,1,1049.0,False,False,False,False
903102,Al Futtaim Auto Center 2,38,6,6,1,767.0,False,True,False,False
650101,"Al Garhoud, Al Khaleej National School",38,6,6,1,1366.0,False,False,False,False
392501,"Arabian Ranches, Mirador La Coleccion 1",35,6,6,1,10047.0,False,False,False,False
392502,"Arabian Ranches, Mirador La Coleccion 2",35,6,6,1,9747.0,False,False,False,False
837501,"Al Garhoud, Grammar School",38,6,6,1,1198.0,False,False,False,False
652102,"Al Garhoud, Roads & Transport Authority HQ 2",38,6,6,1,1164.0,False,False,False,False
903101,Al Futtaim Auto Center 1,38,6,6,1,778.0,False,True,False,False
903201,Dubai Commer City 1,38,6,6,1,1086.0,False,False,False,False
903301,Dubai Commer City Main Entrance,38,6,6,1,667.0,False,False,False,False
105601,"Umm Ramool, Street 25",38,6,6,1,561.0,False,False,False,False
676002,"Rigid Construction, Camps 2",37,6,6,1,2359.0,False,False,False,False
999001,Joton Paints 1,38,6,6,1,2389.0,False,False,False,False
639001,Rostamani Steel Mills 1,38,6,6,1,2639.0,False,False,False,False
640001,Bartawi Camps 1,38,6,6,1,2785.0,False,False,False,False
643001,ETA Steel Works 1,38,6,5,1,3242.0,False,False,False,False
644001,Emirates Printing Press 1,38,6,6,1,3383.0,False,False,False,False
637001,Emirates Industries 1,38,6,6,1,3254.0,False,False,False,False
638001,"Khaleej, Metal Coating 1",38,6,6,1,3148.0,False,False,False,False
632001,Majid Industries 1,38,6,6,1,3286.0,False,False,False,False
541501,Bassma Building,46,6,8,1,506.0,False,False,False,False
542501,9th Street,46,6,8,1,495.0,False,False,False,False
397001,"Fahidi, Roundabout 1",46,6,8,1,396.0,False,False,False,False
544001,Al Fahidi Historical Neighbourhood,68,6,14,2,62.0,True,False,False,False
204302,"Al Jaddaf, Culture Village 2",33,6,6,1,492.0,False,False,False,False
204402,"Al Jaddaf, Wharf Tower 4 2",33,6,6,1,283.0,False,False,False,False
207201,"Al Jaddaf, Wharf Tower 1",33,6,5,1,762.0,False,False,False,False
590502,EDGEN MURRAY Steel 2,40,6,6,1,3107.0,False,False,False,False
366501,Liwan Mazaya 6,36,6,6,1,10337.0,False,False,False,False
361801,Liwan Mazaya 4,36,6,6,1,10260.0,False,False,False,False
367001,Liwan Mazaya 10A,36,6,7,1,10498.0,False,False,False,False
368001,"Dubai Sky Courts, Windsor Residence",36,6,6,1,12864.0,False,False,False,False
872002,"Al Quoz, Pure Water Filling Company 1",50,6,8,1,696.0,False,False,False,False
149502,"Nad Al Shiba, ENBD HQ 2",33,6,7,1,4340.0,False,False,False,False
476501,Al Ain Central Bus Station,40,6,7,1,104126.0,False,False,False,False
616501,Nuplas Industry Limited,41,6,6,1,1246.0,False,False,False,False
497501,Bridgeway Industries,41,6,6,1,1508.0,False,False,False,False
615501,N300 Roundabout 13-1,41,6,6,1,1819.0,False,False,False,False
577501,DCFC Logistic 1,41,6,6,1,2089.0,False,False,False,False
602501,"Jebel Ali Free Zone, N300 Street 1",41,6,6,1,2533.0,False,False,False,False
590501,EDGEN MURRAY Steel 1,41,6,6,1,2952.0,False,False,False,False
171501,Dubai Museum,46,6,9,1,138.0,True,False,False,False
545001,Bur Dubai Abra Station,46,6,9,1,194.0,True,False,False,False
745301,JAFZA Industries Street 3,41,6,6,1,4307.0,False,False,False,False
790201,Al Munawalah Street 2,41,6,7,1,4267.0,False,False,False,False
790301,Al Munawalah Street 3,41,6,7,1,3588.0,False,False,False,False
353002,Naffco Clock Roundabout 2,41,6,6,1,3004.0,False,False,False,False
605501,JEL Corporation,41,6,6,1,1495.0,False,False,False,False
610501,IML,41,6,6,1,1283.0,False,False,False,False
492501,Al Ras Steel Trading,41,6,6,1,1035.0,False,False,False,False
164101,Summit Steel,41,6,6,1,2935.0,False,False,False,False
613501,Mideast Metals,41,6,6,1,2531.0,False,False,False,False
621501,Perfect Steel Free Zone Company,41,6,6,1,2277.0,False,False,False,False
353001,Naffco Clock Roundabout 1,41,6,6,1,3013.0,False,False,False,False
745101,JAFZA Industries Street 1,41,6,6,1,3532.0,False,False,False,False
745201,JAFZA Industries Street 2,41,6,6,1,3967.0,False,False,False,False
602502,"Jebel Ali Free Zone, N300 Street 2",40,6,6,1,2603.0,False,False,False,False
577502,DCFC Logistic 2,40,6,6,1,2005.0,False,False,False,False
615502,N300 Roundabout 13-2,40,6,6,1,1746.0,False,False,False,False
757001,"Jebel Ali Free Zone, Sony 1",40,5,7,1,1021.0,False,False,False,False
352001,"Jebel Ali Free Zone, ENOC Petrol Station",41,5,7,1,1524.0,False,False,False,False
607501,John Crane Middle East,41,5,7,1,1765.0,False,False,False,False
626501,Transworld Group Of Companies,41,5,7,1,1779.0,False,False,False,False
499501,CWT Logistics,41,5,7,1,2008.0,False,False,False,False
161101,Freight Work,41,5,7,1,2343.0,False,False,False,False
162101,Emmerson,41,5,7,1,3149.0,False,False,False,False
163101,Jebel Ali Free Zone South Accommodation,41,5,7,1,3368.0,False,False,False,False
790101,Al Munawalah Street 1,41,5,7,1,4857.0,False,False,False,False
762001,"Jebel Ali Free Zone, Nafco 1",40,5,7,1,1593.0,False,False,False,False
557101,"Remraam, Al Ramth 21",23,5,5,1,9212.0,False,False,False,False
556101,"Remraam, Al Ramth 5",23,5,5,1,9071.0,False,False,False,False
555101,"Remraam, Al Thamam 57",23,5,5,1,8818.0,False,False,False,False
554101,"Remraam, Al Thamam 41",23,5,5,1,8512.0,False,False,False,False
553501,"Remraam, Al Thamam 14",23,5,5,1,8669.0,False,False,False,False
553101,"Remraam, Al Thamam 13",23,5,5,1,9060.0,False,False,False,False
550501,"Remraam, Al Thamam 3",23,5,5,1,8966.0,False,False,False,False
357501,Liwan Entrance,36,5,6,1,11011.0,False,False,False,False
361501,Liwan Mazaya 18,36,5,6,1,11189.0,False,False,False,False
364502,Liwan Mazaya 24 2,36,5,6,1,11603.0,False,False,False,False
456301,"Al Warsan, DEWA Logistics",37,5,5,1,9265.0,False,False,False,False
349201,Emirates Auction,37,5,5,1,9290.0,False,False,False,False
959002,Aden Street 2-2,33,5,5,1,3352.0,False,False,False,False
519101,"Dubai Industrial City, Labour Village 3",39,5,5,1,16468.0,False,False,False,False
619302,Muntaza Complex 2,36,5,6,1,1518.0,False,False,False,False
514101,"Awir, CMC-1",35,5,5,1,21344.0,False,False,False,False
817401,Al Khalifa Saif Building 1,14,5,0,1,2332.0,False,False,False,False
816902,American International School 2,14,5,0,1,939.0,False,False,False,False
817102,Dubai National School 2,14,5,0,1,736.0,False,False,False,False
816601,Al Nahda Taweej 1,14,5,0,1,1427.0,False,False,False,False
149102,"Muhaisnah 4, Awqaf Housings 2",14,5,0,1,2875.0,False,False,False,False
150102,Oxford School Gate 4 2,14,5,0,1,2559.0,False,False,False,False
293002,"Mirdiff, 71st Street 2",32,5,5,1,4143.0,False,False,False,False
482501,"Sharjah, Madina Shopping Centre 1",37,5,6,1,6090.0,False,True,False,False
215108,Etisalat Bus Station 8,32,5,6,1,143.0,True,False,False,False
427501,"Mirdiff, 29B Street",32,5,5,1,2342.0,False,False,False,False
428501,"Mirdiff, 12th Street 2",32,5,5,1,2065.0,False,False,False,False
938501,"Mirdiff, 15th Street, Elyazia Beauty Center",32,5,6,1,3385.0,False,True,False,False
423501,"Mirdiff Masjid, Street 15",32,5,6,1,3040.0,False,False,False,False
424501,"Mirdiff, 15th Street",32,5,6,1,2764.0,False,False,False,False
428601,"Mirdiff, 12th Street 1",32,5,5,1,2231.0,False,False,False,False
903510,Ibn Battuta Bus Station 10,48,5,6,1,101.0,True,False,False,False
461502,Al Warqaa H-2,38,5,6,1,5632.0,False,False,False,False
890501,"Emarat, Headquarters 2, Street 35",31,5,5,1,456.0,False,False,False,False
803501,"Al Wasl, Street 35, Al Ittihad Health Center 1",31,5,5,1,805.0,False,True,False,False
804501,"Al Wasl, Street 35A-1",31,5,5,1,1086.0,False,False,False,False
873501,"Al Wasl, Street 35, Dar Al Ber Society 1",31,5,5,1,1271.0,False,False,False,False
532502,"The Meadows, Entrance gate 7-2",32,5,6,1,3953.0,False,False,False,False
533502,"The Springs, Entrance gate 3-2",32,5,5,1,3852.0,False,False,False,False
463602,Al Warqaa J-2,28,5,6,1,5978.0,False,False,False,False
462502,Al Warqaa I-2,38,5,6,1,5779.0,False,False,False,False
844001,Al Khawaneej Police Station 1,35,5,4,1,11428.0,False,False,False,False
559101,"Remraam, Al Ramth 65",23,5,6,1,9218.0,False,False,False,False
550002,"Remraam, Entrance 2",23,5,6,1,9202.0,False,False,False,False
762601,Jebel Ali Shopping Center,38,5,6,1,2805.0,False,True,False,False
762701,"DIP, 86 Street 1",38,5,6,1,2804.0,False,False,False,False
762801,Aujan Industries,38,5,6,1,2241.0,False,False,False,False
527101,Sun Rise Metal Coting 1,38,5,7,1,2205.0,False,False,False,False
526101,Rig Metal Inds 1,38,5,7,1,1757.0,False,False,False,False
531502,"The Springs, Entrance gate 4-2",32,5,6,1,4018.0,False,False,False,False
119201,"Al Warqaa, 4th St 1",32,5,5,1,5192.0,False,False,False,False
119301,"Al Warqaa, 7th St 1",32,5,5,1,5356.0,False,False,False,False
119401,"Al Warqaa, 7th St 2",32,5,5,1,5501.0,False,False,False,False
119601,"Al Warqaa, 28A St 1",32,5,5,1,5490.0,False,False,False,False
558001,"Remraam, Al Ramth 37",23,5,6,1,9478.0,False,False,False,False
558101,"Remraam, Al Ramth 53",23,5,6,1,9422.0,False,False,False,False
648102,Rebat Street 2-2,29,5,5,1,1548.0,False,False,False,False
317102,"Muhaisnah 2, Al Ghurair Labour Camp 2",39,5,5,1,3110.0,False,False,False,False
454502,Al Warqaa A-2,38,5,6,1,3296.0,False,False,False,False
642101,Emirates Group Logistics Center 1,37,5,6,1,3423.0,False,True,False,False
860501,,29,5,6,1,87624.0,False,False,False,False
857901,,29,5,6,1,87604.0,False,False,False,False
840001,"Awir, Emirates NBD",32,5,6,1,14961.0,False,False,False,False
634001,Danways Emarat 1,38,5,6,1,2905.0,False,False,False,False
958002,"Ras Al Khor, Mubarak Trans. 2",33,5,5,1,3067.0,False,False,False,False
827001,"Awir, Masjid 1",32,5,6,1,16441.0,False,False,False,False
836001,"Awir, Boys School 1",32,5,6,1,16300.0,False,False,False,False
837001,"Awir, Dubai Municipality Center 1",32,5,6,1,15902.0,False,True,False,False
838001,"Awir, Girls School 1",32,5,6,1,15493.0,False,False,False,False
839001,Awir 1-1,32,5,6,1,15212.0,False,False,False,False
971502,"Al Barsha Heights, Ramee Guestline Hotel 2",31,5,6,1,786.0,False,False,False,False
972502,"Al Barsha Heights, Saleh Bin Lahej Building 2",31,5,6,1,382.0,False,False,False,False
646202,"Jebel Ali Waterfront, Veneto 2",15,5,4,1,7677.0,False,False,False,False
646102,"Jebel Ali Waterfront, DUCAB 2",15,5,4,1,6951.0,False,False,False,False
970502,"Al Barsha Heights, Minc Apartments 2",31,5,6,1,776.0,False,False,False,False
700001,"Jebel Ali Hotel, Accommodation 1",37,5,6,1,1163.0,False,False,False,False
705001,"Jebel Ali Gardens, Turnoff 1",37,5,6,1,857.0,False,False,False,False
711001,Jebel Ali Gardens 5,37,5,6,1,571.0,False,False,False,False
712001,Jebel Ali Gardens 6,37,5,7,1,619.0,False,False,False,False
905001,Emirates Tower 1,35,5,5,1,581.0,False,False,False,False
256106,Al Jafiliya Bus Station 6,35,5,6,1,138.0,True,False,True,True
618901,Gardenia Townhomes Gate 3,37,5,6,1,767.0,False,False,False,False
619002,"Muntaza, Festival Plaza 2",37,5,6,1,704.0,False,True,False,False
619301,Muntaza Complex 1,37,5,6,1,1577.0,False,False,False,False
323501,"Muntaza, Lifeline Hospital 1",37,5,6,1,1437.0,False,False,False,False
514501,"Umm Ramool, Enoc 2",29,5,5,1,2094.0,False,False,False,False
707001,Jebel Ali Gardens 13,36,5,6,1,693.0,False,False,False,False
700002,"Jebel Ali Hotel, Accommodation 2",36,5,6,1,1215.0,False,False,False,False
323502,"Muntaza, Lifeline Hospital 2",36,5,6,1,1432.0,False,False,False,False
723201,Bluewaters Island 1,26,5,6,1,78.0,True,False,False,False
716001,Jebel Ali Gardens 10,37,5,6,1,889.0,False,False,False,False
717001,Jebel Ali Gardens 11,37,5,6,1,1082.0,False,False,False,False
718001,Jebel Ali Gardens 12,37,5,6,1,767.0,False,False,False,False
408502,"Mirdiff, ETISALAT Tower 2",33,5,5,1,3448.0,False,False,False,False
990002,Algeria Road 6-2,33,5,6,1,3043.0,False,False,False,False
731002,"Jebel Ali Free Zone, Kanoo Group 2",41,5,6,1,3801.0,False,False,False,False
747001,BMA Limited,41,5,6,1,1174.0,False,False,False,False
748001,Customs Checking Area 1,41,5,6,1,1017.0,False,False,False,False
750001,Donya Cinema,40,5,6,1,650.0,False,False,False,False
749002,"Jebel Ali Free Zone, Training Center 2",40,5,7,1,975.0,False,True,False,False
748002,Customs Checking Area 2,40,5,7,1,1043.0,False,False,False,False
550001,"Remraam, Entrance 1",23,5,5,1,9173.0,False,False,False,False
364501,Liwan Mazaya 24 1,36,5,6,1,11588.0,False,False,False,False
375001,The Aquila School,36,5,6,1,13476.0,False,False,False,False
376001,"Dubai Sky Courts, Al Sondos Sage",36,5,6,1,13890.0,False,False,False,False
379001,Dubai Sky Courts,36,5,6,1,13411.0,False,False,False,False
149501,"Nad Al Shiba, ENBD HQ 1",36,5,6,1,4340.0,False,False,False,False
360501,"Wuheida, Street 22-1",32,5,5,1,1469.0,False,False,False,False
944002,"Hamriya, Masjid 2",32,5,5,1,612.0,False,False,False,False
945002,"Hamriya, Street 2",32,5,5,1,484.0,False,False,False,False
385012,Al Ghubaiba Bus Station 12,40,5,6,1,283.0,False,False,False,False
224001,"Mamzar, Beach 7-1",32,5,5,1,2263.0,False,False,False,False
372001,"Dubai Sky Courts, Nilona Residence",36,5,6,1,12441.0,False,False,False,False
374501,"Dubai Sky Courts, GEMS First Point School",36,5,6,1,13277.0,False,False,False,False
373001,"Dubai Sky Courts, Al Sondos Orchid",36,5,6,1,13091.0,False,False,False,False
218001,"Mamzar, Beach 1-1",32,5,5,1,1972.0,False,False,False,False
219001,"Mamzar, Beach 2-1",32,5,5,1,2461.0,False,False,False,False
220001,"Mamzar, Beach 3-1",32,5,5,1,2758.0,False,False,False,False
221001,"Mamzar, Beach 4-1",32,5,5,1,2879.0,False,False,False,False
222001,"Mamzar, Beach 5-1",32,5,5,1,2905.0,False,False,False,False
223001,"Mamzar, Beach 6-1",32,5,5,1,2717.0,False,False,False,False
361601,Liwan Mazaya 20,36,5,6,1,11355.0,False,False,False,False
365001,Liwan Mazaya 11,36,5,6,1,11043.0,False,False,False,False
361701,Liwan Geepas 1,36,5,6,1,10804.0,False,False,False,False
365501,Liwan Mazaya R20,36,5,6,1,10554.0,False,False,False,False
368501,"Dubai Sky Courts, Ajmal Sarah Tower",36,5,6,1,12207.0,False,False,False,False
151501,"Muhaisnah 2, Bus Station External 1",39,5,5,1,3433.0,False,False,False,False
123401,Mohammed bin Rashid Library,45,4,12,1,440.0,False,False,False,False
115501,"Al Barsha 3, Union Coop",28,4,4,1,3278.0,False,False,False,False
309502,Algeria Street 4-2,33,4,6,1,3248.0,False,False,False,False
349001,"Ras Al Khor, Ducamz 3",15,4,6,1,4998.0,False,False,False,False
659101,"Ras Al Khor, WTC Residency",15,4,6,1,4979.0,False,False,False,False
763501,"Al Barsha 2, Street 43, Park 3",28,4,5,1,3167.0,False,False,False,False
296501,"Al Barsha 3, Street 42B",28,4,5,1,2649.0,False,False,False,False
762501,"Jebel Ali, JAFZA One 1",16,4,3,1,1815.0,False,False,False,False
215902,Marina Homes 2,16,4,3,1,4855.0,False,False,False,False
900901,Life Pharmacy Metro Bus Stop Landside,15,4,3,1,207.0,False,False,False,False
903505,Ibn Battuta Bus Station 5,26,4,5,1,78.0,True,False,False,False
244501,Dubai Parks & Resorts Bus Terminal,26,4,4,1,10825.0,False,False,False,False
244701,The Outlet Village,26,4,4,1,10655.0,False,False,False,False
847101,"Al Khawaneej, Al Athbaa Primary School",35,4,4,1,12521.0,False,False,False,False
846002,Faisal Stud 2,35,4,4,1,12095.0,False,False,False,False
845002,Al Khawaneej Palace Masjid 2,35,4,4,1,11867.0,False,False,False,False
845001,Al Khawaneej Palace Masjid 1,35,4,4,1,11913.0,False,False,False,False
407102,"Hatta, Sheikh Khalifa Masjid 2",25,4,5,3,87628.0,False,False,False,False
846001,Faisal Stud 1,35,4,4,1,12151.0,False,False,False,False
406102,"Hatta, Emirates NBD 2",25,4,5,3,87494.0,False,False,False,False
405102,"Hatta, Hatta Fort Hotel 2",25,4,5,3,86904.0,False,False,False,False
844002,Al Khawaneej Police Station 2,35,4,4,1,11353.0,False,False,False,False
635402,Al Khaleej Street 2,27,4,5,1,2419.0,False,False,False,False
545501,Al Baraha Masjid 1,27,4,5,1,1067.0,False,False,False,False
635201,Al Mamzar Masjid 1,27,4,5,1,2765.0,False,False,False,False
115101,"Al Barsha 3, Street 62 1",28,4,5,1,4028.0,False,False,False,False
115401,"Al Barsha 3, Street 62 4",28,4,5,1,3602.0,False,False,False,False
115301,"Al Barsha 3, Street 62 3",28,4,5,1,3930.0,False,False,False,False
115201,"Al Barsha 3, Street 62 2",28,4,5,1,4105.0,False,False,False,False
115601,"Al Barsha 3, Al Asayel St 1 1",28,4,4,1,2963.0,False,False,False,False
320102,"Al Barsha Mall, Street 24-2",28,4,4,1,2146.0,False,True,False,False
115802,"Al Barsha Mall, Street 23 2",28,4,4,1,2339.0,False,True,False,False
566502,"Al Barsha 3, Street 329 B-2",28,4,4,1,2143.0,False,False,False,False
532102,"Al Barsha 3, Street 329 A2",28,4,4,1,1607.0,False,False,False,False
295501,"Al Barsha 3, Street 62",28,4,5,1,3928.0,False,False,False,False
215120,Etisalat Bus Station 20,51,4,11,1,188.0,True,False,False,False
901001,Life Pharmacy Metro Bus Stop Seaside 1,16,4,4,1,89.0,True,False,False,False
308502,Algeria Street 3-2,33,4,6,1,3507.0,False,False,False,False
378005,"Al Qusais, Bus Station 5",51,4,10,1,3449.0,False,False,False,False
658101,"Ras Al Khor, Samari Residency",15,4,6,1,4636.0,False,False,False,False
116301,"Al Barsha 3, Al Salam School",28,4,4,1,2226.0,False,False,False,False
557501,"Al Barsha 3, Bin Lahej Masjid 1, Street 32B",28,4,4,1,2666.0,False,False,False,False
115901,"Al Barsha 3, Street 32B 1",28,4,4,1,2657.0,False,False,False,False
811002,"Amardi, Boys School 2",35,4,4,1,11114.0,False,False,False,False
393602,"Al Khawaneej 2, Industrial Area 4 - 2",51,4,10,1,16130.0,False,False,False,False
558501,"Al Barsha 3, Al Hawa Street A",28,4,4,1,1775.0,False,False,False,False
565501,"Al Barsha 3, Street 329 A-1",28,4,4,1,1630.0,False,False,False,False
215901,Marina Homes 1,15,4,4,1,4850.0,False,False,False,False
215801,Baker Hughes 1,15,4,4,1,5576.0,False,False,False,False
215601,Ceva Logistics 1,15,4,4,1,4958.0,False,False,False,False
215701,Gulf Perlite 1,15,4,4,1,6105.0,False,False,False,False
215702,Gulf Perlite 2,16,4,3,1,6078.0,False,False,False,False
215802,Baker Hughes 2,16,4,3,1,5537.0,False,False,False,False
241501,"Al Barsha 2, Street 43-1",28,4,5,1,2649.0,False,False,False,False
115801,"Al Barsha Mall, Street 23 1",28,4,5,1,2388.0,False,True,False,False
566501,"Al Barsha 3, Street 329 B-1",28,4,5,1,2162.0,False,False,False,False
115001,"Al Barsha 3, Street 39 1",28,4,4,1,1986.0,False,False,False,False
559501,"Al Barsha 3, Al Hawa Street B",28,4,4,1,1868.0,False,False,False,False
560501,"Al Barsha 3, Al Hawa Street C",28,4,4,1,1978.0,False,False,False,False
635401,Al Khaleej Street 1,27,4,5,1,2290.0,False,False,False,False
635202,Al Mamzar Masjid 2,27,4,5,1,2778.0,False,False,False,False
116201,"Al Barsha 3, Street 39 2",28,4,4,1,2227.0,False,False,False,False
478501,Al Ain Gift Markets 1,20,3,3,1,100825.0,False,True,False,False
485101,Sigma Factory 1,19,3,3,1,14776.0,False,False,False,False
584501,Dubai Industrial City 1,19,3,3,1,14061.0,False,False,False,False
477501,Al Qattara Oasis East 1,20,3,3,1,99667.0,False,False,False,False
420501,Dubai Industrial City 4-1,19,3,3,1,13441.0,False,False,False,False
419501,Dubai Industrial City 3-1,19,3,3,1,13267.0,False,False,False,False
418501,Dubai Industrial City 2-1,19,3,3,1,13067.0,False,False,False,False
417501,Dubai Industrial City 1-1,19,3,3,1,12611.0,False,False,False,False
582501,Dubai Industrial City Entrance 1-1,19,3,3,1,12356.0,False,False,False,False
480501,Eid Praying Ground 1,20,3,3,1,102441.0,False,False,False,False
479501,Al Slimi Park 1,20,3,3,1,101551.0,False,False,False,False
583501,Dubai Industrial City 5-1,19,3,3,1,13618.0,False,False,False,False
834002,"Awir, CMC Road 4-2",18,3,3,1,20099.0,False,False,False,False
584502,Dubai Industrial City 2,20,3,3,1,13898.0,False,False,False,False
486102,"Dubai Industrial City, Labour Village 2-2",20,3,2,1,16179.0,False,False,False,False
943101,"Dubai Hills, Business Park 1",16,3,3,1,4082.0,False,False,False,False
943001,Dubai Hills Mall 1,16,3,3,1,4180.0,False,True,False,False
943201,"Dubai Hills, Acacia 1",16,3,3,1,4163.0,False,False,False,False
661101,"Ajman, LuLu Hypermarket A-1",16,3,2,1,1612.0,False,True,False,False
662101,"Ajman, Rashidiya 1",16,3,2,1,2169.0,False,False,False,False
828002,"Awir, CMC Road 1-2",18,3,3,1,16997.0,False,False,False,False
829002,"Awir, Hissa Bint Hamdan Al Maktoums Stable 2",18,3,3,1,17448.0,False,False,False,False
831002,"Awir, Waha School 2",18,3,3,1,18477.0,False,False,False,False
830002,"Awir, Palace 2",18,3,3,1,17994.0,False,False,False,False
662102,"Ajman, Rashidiya 2",16,3,3,1,2451.0,False,False,False,False
661102,"Ajman, LuLu Hypermarket A-2",16,3,3,1,1582.0,False,True,False,False
920401,Bond Interiors DIC Facilities 1,20,3,3,1,14649.0,False,False,False,False
920301,Labor City Phase 5 1,20,3,3,1,14136.0,False,False,False,False
920201,Al Ihassan Trading FZCO 1,20,3,3,1,14175.0,False,False,False,False
469201,Al Habtoor Motors 1,20,3,3,1,14492.0,False,False,False,False
485102,Sigma Factory 2,20,3,3,1,14749.0,False,False,False,False
551701,"Sobha Hartland, Park View",18,3,3,1,1936.0,False,False,False,False
551601,"Sobha Hartland, Vistas Central",18,3,3,1,1612.0,False,False,False,False
563101,"Damac Hills, Whitefield",17,3,3,1,8655.0,False,False,False,False
562501,"Damac Hills, Brookfield",17,3,3,1,8444.0,False,False,False,False
562101,"Damac Hills, Jebel Ali School",17,3,3,1,9340.0,False,False,False,False
515102,"Awir, CMC Masab Bin Umair Masjid 2",18,3,3,1,20654.0,False,False,False,False
973002,Amssar Wood Manufacturing 2,27,3,5,2,2000.0,False,False,False,False
781002,Landmark Group 2,27,3,5,2,1395.0,False,False,False,False
561501,"Damac Hills, Rochester",17,3,3,1,9939.0,False,False,False,False
561101,"Damac Hills, Richmond Villas",17,3,3,1,9968.0,False,False,False,False
515501,"Damac Hills, The Field",17,3,3,1,10131.0,False,False,False,False
235101,Mudon Al Salam Town Centre 1,17,3,3,1,10454.0,False,True,False,False
920202,Al Ihassan Trading FZCO 2,19,3,3,1,14242.0,False,False,False,False
562001,"Damac Hills, Trinity",17,3,2,1,9660.0,False,False,False,False
920402,Bond Interiors DIC Facilities 2,19,3,3,1,14664.0,False,False,False,False
920302,Labor City Phase 5 2,19,3,3,1,14140.0,False,False,False,False
474502,Al Madina Petrol Station 2,20,3,4,1,103383.0,False,False,False,False
474501,Al Madina Petrol Station 1,20,3,3,1,103406.0,False,False,False,False
418502,Dubai Industrial City 2-2,20,3,3,1,13011.0,False,False,False,False
420502,Dubai Industrial City 4-2,20,3,3,1,13386.0,False,False,False,False
417502,Dubai Industrial City 1-2,20,3,3,1,12588.0,False,False,False,False
582502,Dubai Industrial City Entrance 1-2,20,3,3,1,12339.0,False,False,False,False
583502,Dubai Industrial City 5-2,20,3,3,1,13534.0,False,False,False,False
215602,Ceva Logistics 2,16,3,3,1,5038.0,False,False,False,False
646101,"Jebel Ali Waterfront, DUCAB-1",16,3,3,1,6989.0,False,False,False,False
419502,Dubai Industrial City 3-2,20,3,3,1,13284.0,False,False,False,False
943301,"Dubai Hills, Park Heights 1",16,3,3,1,4249.0,False,False,False,False
123013,Union Bus Station 13,18,3,2,1,115.0,True,False,False,False
406101,"Hatta, Emirates NBD-1",25,3,4,3,87658.0,False,False,False,False
123006,,18,3,3,1,200.0,True,False,False,False
860001,Hatta Souq 1,25,3,4,3,82518.0,False,True,False,False
405101,"Hatta, Hatta Fort Hotel 1",25,3,4,3,87238.0,False,False,False,False
478502,Al Ain Gift Markets 2,20,3,3,1,100843.0,False,True,False,False
477502,Al Qattara Oasis East 2,20,3,3,1,99679.0,False,False,False,False
407101,"Hatta, Sheikh Khalifa Masjid 1",25,3,4,3,87615.0,False,False,False,False
479502,Al Slimi Park 2,20,3,4,1,101502.0,False,False,False,False
833002,"Awir, CMC Road 3-2",18,3,3,1,19196.0,False,False,False,False
538101,Port Saeed Transport Company,20,3,3,1,2849.0,False,False,False,False
215112,Etisalat Bus Station 12,20,3,4,1,153.0,True,False,False,False
480502,Eid Praying Ground 2,20,3,4,1,102395.0,False,False,False,False
943501,"Dubai Hills, Mulberry 1 1",16,3,3,1,4546.0,False,False,False,False
943401,"Dubai Hills, Kings College Hospital 1",16,3,3,1,4976.0,False,False,False,False
943601,"Dubai Hills, Mulberry 2 1",16,3,3,1,4508.0,False,False,False,False
943002,Dubai Hills Mall 2,16,3,3,1,4204.0,False,True,False,False
469202,Al Habtoor Motors 2,19,3,3,1,14499.0,False,False,False,False
943701,Dubai Hills Mall Storm Coaster,16,3,3,1,4234.0,False,True,False,False
551901,"Sobha Hartland, Crest Avenue",18,3,3,1,2152.0,False,False,False,False
551801,"Sobha Hartland, Hartland Greens",18,3,3,1,2089.0,False,False,False,False
393402,"Al Khawaneej 2, Amman Street 1-2",24,2,5,1,11793.0,False,False,False,False
396802,"Al Khawaneej 1, Amman Street 3-2",24,2,5,1,10632.0,False,False,False,False
975001,Falcon Chemicals 1,19,2,2,1,2993.0,False,False,False,False
394801,"Al Khawaneej 2, Industrial Area 2 - 1",27,2,5,1,16216.0,False,False,False,False
394701,"Al Khawaneej 2, Industrial Area 1 - 1",27,2,5,1,15611.0,False,False,False,False
393601,"Al Khawaneej 2, Industrial Area 4 - 1",27,2,5,1,16127.0,False,False,False,False
394901,"Al Khawaneej 2, Industrial Area 3 - 1",27,2,5,1,16309.0,False,False,False,False
828001,"Awir, CMC Road 1-1",17,2,2,1,17016.0,False,False,False,False
829001,"Awir, Hissa Bint Hamdan Al Maktoums Stable 1",17,2,2,1,17407.0,False,False,False,False
844702,"Al Mizhar 3, Amman Street 2-2",24,2,5,1,7114.0,False,False,False,False
396702,"Al Khawaneej 1, Amman Street 2-2",24,2,5,1,9611.0,False,False,False,False
396602,"Al Khawaneej 1, Amman Street 1-2",24,2,5,1,8618.0,False,False,False,False
396902,"Al Khawaneej 1, Pond Park 2",24,2,5,1,7979.0,False,False,False,False
502102,"Dhaid, Central Region Department 2",10,2,2,1,46781.0,False,False,False,False
537102,Thoban ENOC Petrol Station 2,10,2,2,1,59770.0,False,False,False,False
503102,"Dhaid, Post Office 2",10,2,2,1,45879.0,False,False,False,False
394902,"Al Khawaneej 2, Industrial Area 3 - 2",24,2,5,1,16309.0,False,False,False,False
393702,"Al Khawaneej 2, Emirates Auction 2",24,2,5,1,14929.0,False,False,False,False
393802,"Al Khawaneej 2, Amman Street 2-2",24,2,5,1,12575.0,False,False,False,False
394602,Al Khawaneej 2 Market 2,24,2,5,1,13402.0,False,True,False,False
396502,Al Khawaneej Bus Depot 2,24,2,5,1,14431.0,False,False,False,False
394802,"Al Khawaneej 2, Industrial Area 2 - 2",24,2,5,1,16209.0,False,False,False,False
394702,"Al Khawaneej 2, Industrial Area 1 - 2",24,2,5,1,15618.0,False,False,False,False
843001,"Awir, Terminus 1",9,2,2,1,14922.0,False,False,False,False
261501,"Awir, Wadi Al Shabak Camp 1",9,2,2,1,11788.0,False,False,False,False
191001,"Awir, New Shabia 2",9,2,2,1,15614.0,False,False,False,False
261502,"Awir, Wadi Al Shabak Camp 2",9,2,2,1,11630.0,False,False,False,False
305101,"Nazwa, Al Jabal Emirates Petrol Station 1",9,2,2,1,37031.0,False,False,False,False
396601,"Al Khawaneej 1, Amman Street 1-1",27,2,5,1,8607.0,False,False,False,False
396901,"Al Khawaneej 1, Pond Park 1",27,2,5,1,7961.0,False,False,False,False
393401,"Al Khawaneej 2, Amman Street 1-1",27,2,5,1,11791.0,False,False,False,False
394601,Al Khawaneej 2 Market 1,27,2,4,1,13390.0,False,True,False,False
393901,"Al Khawaneej 2, Q11 Mall",27,2,4,1,13507.0,False,True,False,False
393701,"Al Khawaneej 2, Emirates Auction 1",27,2,5,1,14957.0,False,False,False,False
396501,Al Khawaneej Bus Depot 1,27,2,5,1,14374.0,False,False,False,False
396701,"Al Khawaneej 1, Amman Street 2-1",27,2,5,1,9586.0,False,False,False,False
396801,"Al Khawaneej 1, Amman Street 3-1",27,2,5,1,10609.0,False,False,False,False
393801,"Al Khawaneej 2, Amman Street 2-1",27,2,4,1,12539.0,False,False,False,False
888804,,14,2,3,1,1265.0,False,False,False,False
324101,Sharjah Cement Factory 1,10,2,2,1,20958.0,False,False,False,False
324102,Sharjah Cement Factory 2,10,2,2,1,20929.0,False,False,False,False
562401,"Dubai South, The Pulse Terminus",13,2,2,1,7913.0,False,False,False,False
562601,"Dubai South, Grand Express 1",13,2,2,1,7294.0,False,False,False,False
562701,"Dubai South, Majistic Royal 1",13,2,2,1,6792.0,False,False,False,False
974101,"Damac Hills 2, Amazonia",9,2,2,1,21382.0,False,False,False,False
562301,"Dubai South, MAG5 1",13,2,2,1,8239.0,False,False,False,False
974401,"Damac Hills 2, Zinnia",9,2,2,1,23371.0,False,False,False,False
975002,Falcon Chemicals 2,20,2,3,1,3022.0,False,False,False,False
976001,Solico 1,19,2,2,1,2834.0,False,False,False,False
974901,"Damac Hills 2, Victoria",9,2,2,1,21889.0,False,False,False,False
974801,"Damac Hills 2, Amargo",9,2,2,1,22716.0,False,False,False,False
974701,"Damac Hills 2, Viridis",9,2,2,1,23171.0,False,False,False,False
974601,"Damac Hills 2, Mulberry",9,2,2,1,23662.0,False,False,False,False
974501,"Damac Hills 2, Odora",9,2,2,1,23650.0,False,False,False,False
355301,Staff Stop 2,13,2,2,1,9921.0,False,False,False,False
355001,"Dubai Parks & Resorts, VIP Parking P1",13,2,2,1,10374.0,False,False,False,False
355801,Staff Stop 1,13,2,2,1,11199.0,False,False,False,False
409101,Fujairah Bus Station,20,2,3,1,91070.0,False,False,False,False
501102,"Masafi, Hospital 2",10,2,2,1,73443.0,False,False,False,False
301101,"Awir, New Shabia 1",9,2,2,1,15804.0,False,False,False,False
303101,"Habab, Roundabout 1",9,2,2,1,27903.0,False,False,False,False
304101,"Habab, Reem Emarat Petrol Station 1",9,2,2,1,30303.0,False,False,False,False
976002,Solico 2,20,2,3,1,2867.0,False,False,False,False
306101,"Nazwa, Al Wista Supermarket 1",9,2,2,1,37882.0,False,True,False,False
515101,"Awir, CMC Masab Bin Umair Masjid 1",17,2,2,1,20645.0,False,False,False,False
307101,Hatta Road Al Rifadah 1,9,2,2,1,48780.0,False,False,False,False
854001,"Al Madam, Roundabout 1",9,2,2,1,52045.0,False,False,False,False
157001,"Al Madam, Health Care Center 1",9,2,2,1,48353.0,False,True,False,False
844602,"Al Mizhar 3, Amman Street 1-2",24,2,5,1,6465.0,False,False,False,False
844601,"Al Mizhar 3, Amman Street 1-1",27,2,5,1,6437.0,False,False,False,False
167502,Amaan Street 2-2,24,2,5,1,4923.0,False,False,False,False
974201,"Damac Hills 2, Trixis",9,2,2,1,21632.0,False,False,False,False
974301,"Damac Hills 2, Community Centre",9,2,2,1,22432.0,False,True,False,False
844701,"Al Mizhar 3, Amman Street 2-1",27,2,5,1,7101.0,False,False,False,False
833001,"Awir, CMC Road 3-1",17,2,2,1,19243.0,False,False,False,False
510102,"Masafi, Friday Market 2",10,2,2,1,68760.0,False,True,False,False
830001,"Awir, Palace 1",17,2,2,1,18010.0,False,False,False,False
831001,"Awir, Waha School 1",17,2,2,1,18564.0,False,False,False,False
174501,Ramool Adventure Park 1,9,2,2,1,44485.0,False,False,False,False
834001,"Awir, CMC Road 4-1",17,2,2,1,20123.0,False,False,False,False
537101,Thoban ENOC Petrol Station 1,10,1,2,1,59188.0,False,False,False,False
503101,"Dhaid, Post Office 1",10,1,1,1,45932.0,False,False,False,False
305102,"Nazwa, Al Jabal Emirates Petrol Station 2",9,1,1,1,36877.0,False,False,False,False
854102,Maleha Municipality 2,9,1,1,1,50193.0,False,False,False,False
894001,"Oud Metha Road, Emarat, Petrol Station",9,1,1,1,1208.0,False,False,False,False
854002,"Al Madam, Roundabout 2",9,1,1,1,51688.0,False,False,False,False
502101,"Dhaid, Central Region Department 1",10,1,1,1,46328.0,False,False,False,False
174502,Ramool Adventure Park 2,9,1,1,1,44436.0,False,False,False,False
307102,Hatta Road Al Rifadah 2,9,1,1,1,48879.0,False,False,False,False
501101,"Masafi, Hospital 1",10,1,2,1,73448.0,False,False,False,False
510101,"Masafi, Friday Market 1",10,1,2,1,68804.0,False,True,False,False
468501,Dubai Frame,78,1,25,2,982.0,False,False,False,False
854101,Maleha Municipality 1,9,1,1,1,50220.0,False,False,False,False
499201,"Dubai World Central, Staff Village",14,1,3,1,9081.0,False,False,False,False
259601,"Dubai Studio City, Operation Office A",9,1,1,1,9239.0,False,False,False,False
303102,"Habab, Roundabout 2",9,1,2,1,27691.0,False,False,False,False
567506,Mall of the Emirates Bus Station 6,46,1,12,1,19.0,True,True,False,False
304102,"Habab, Reem Emarat Petrol Station 2",9,1,2,1,30163.0,False,False,False,False
157002,"Al Madam, Health Care Center 2",9,1,1,1,48391.0,False,True,False,False
858002,,14,1,3,1,87382.0,False,False,False,False
306102,"Nazwa, Al Wista Supermarket 2",9,1,1,1,37842.0,False,True,False,False
590002,Dubai Offshore Sailing Club 2,19,0,0,1,2220.0,False,False,False,False
567002,"Jumeirah 3, Masjid 2",19,0,0,1,2539.0,False,False,False,False
566002,Saeed Majid Bil Yoha Masjid 2,19,0,0,1,2027.0,False,False,False,False
564002,Majlis Al Ghoreifa 2,19,0,0,1,1101.0,False,False,False,False
123001,,28,0,9,1,209.0,False,False,False,False
666601,,108,0,33,5,11677.0,False,False,False,False
535002,Rashid Bin Bakhait Masjid 2,19,0,0,1,1199.0,False,False,False,False
533002,Hilton Beach Club 2,19,0,0,1,671.0,False,False,False,False
385037,,20,0,6,1,336.0,False,False,False,False
961511,,20,0,6,1,59.0,True,False,False,False
567509,,20,0,6,1,97.0,True,False,False,False
607002,Saeed Bin Huzeim Masjid 2,19,0,0,1,2332.0,False,False,False,False
593002,"Umm Suqeim, Dubai Municipality Center 2",19,0,0,1,2208.0,False,True,False,False
608002,Umm Suqeim 1-2,19,0,0,1,2032.0,False,False,False,False
594001,Abdallah Mleih Masjid,19,0,0,1,1937.0,False,False,False,False
591002,"Manara, Enoc 2",19,0,0,1,2049.0,False,False,False,False
888801,,22,0,6,1,1241.0,False,False,False,False
385047,,22,0,6,1,370.0,False,False,False,False
733501,Miracle Garden 1,46,0,12,1,8106.0,False,False,False,False
485201,,22,0,6,1,2491.0,False,False,False,False
678002,Madinat Jumeirah 2,19,0,0,1,1713.0,False,False,False,False
590001,Dubai Offshore Sailing Club 1,18,0,0,1,2240.0,False,False,False,False
591001,"Manara, Enoc 1",18,0,0,1,2054.0,False,False,False,False
566001,Saeed Majid Bil Yoha Masjid 1,18,0,0,1,2230.0,False,False,False,False
535001,Rashid Bin Bakhait Masjid 1,18,0,0,1,1105.0,False,False,False,False
564001,Majlis Al Ghoreifa 1,18,0,0,1,1091.0,False,False,False,False
490001,Rashid Al Hadees Masjid 1,18,0,0,1,1501.0,False,False,False,False
412001,,6,0,1,1,157.0,True,False,False,False
567001,"Jumeirah 3, Masjid 1",18,0,0,1,2518.0,False,False,False,False
648002,Burj Al Arab Hotel 2,19,0,0,1,2037.0,False,False,False,False
100201,,22,0,6,1,506.0,False,False,False,False
252001,"Rashidiya, Grand Masjid",8,0,0,1,1020.0,False,False,False,False
145501,"International City, Entrance EA",8,0,0,1,6494.0,False,False,False,False
144501,"International City, COSCO Logistics 1",8,0,0,1,6826.0,False,False,False,False
144502,"International City, COSCO Logistics 2",8,0,0,1,7149.0,False,False,False,False
573202,International City Bus Station 2,16,0,0,1,6719.0,False,False,False,False
642001,"Jumeirah, Royal Meridian 1",18,0,0,1,257.0,False,False,False,False
641001,"Mina Al Siyahi, Le Meridien Hotel 1",18,0,0,1,362.0,False,False,False,False
688002,Royal Mirage Hotel 1-2,18,0,0,1,183.0,True,False,False,False
574101,Palm Jumeirah Monorail Station,18,0,0,1,194.0,True,False,False,False
682001,Dubai College 1,18,0,0,1,929.0,False,False,False,False
681001,King Salman Bin Abdulaziz Al Saud Street 3-1,18,0,0,1,1214.0,False,False,False,False
592001,Abu Manara Masjid,18,0,0,1,1944.0,False,False,False,False
607001,Saeed Bin Huzeim Masjid 1,18,0,0,1,2444.0,False,False,False,False
681002,King Salman Bin Abdulaziz Al Saud Street 3-2,19,0,0,1,1442.0,False,False,False,False
679002,King Salman Bin Abdulaziz Al Saud Street 1-2,19,0,0,1,1567.0,False,False,False,False
680002,King Salman Bin Abdulaziz Al Saud Street 2-2,19,0,0,1,1486.0,False,False,False,False
608001,Umm Suqeim 1-1,18,0,0,1,2006.0,False,False,False,False
723001,"Jumeirah Beach Residence 2, Seaside",18,0,0,1,161.0,True,False,False,False
642002,"Jumeirah, Royal Meridian 2",19,0,0,1,243.0,False,False,False,False
722001,"Jumeirah Beach Residence 1, Seaside",18,0,0,1,117.0,True,False,False,False
682002,Dubai College 2,19,0,0,1,837.0,False,False,False,False
593001,"Umm Suqeim, Dubai Municipality Center 1",18,0,0,1,2254.0,False,True,False,False
679001,King Salman Bin Abdulaziz Al Saud Street 1-1,18,0,0,1,1591.0,False,False,False,False
680001,King Salman Bin Abdulaziz Al Saud Street 2-1,18,0,0,1,1500.0,False,False,False,False
678001,Madinat Jumeirah 1,18,0,0,1,1734.0,False,False,False,False
610001,"Umm Suqeim, Park 1",18,0,0,1,2588.0,False,False,False,False
647001,Maharba Masjid 1,18,0,0,1,2374.0,False,False,False,False
252501,Wild Wadi 1,18,0,0,1,2265.0,False,False,False,False
648001,Burj Al Arab Hotel 1,18,0,0,1,2162.0,False,False,False,False
385006,Al Ghubaiba Bus Station 6,37,0,0,1,242.0,False,False,False,False
490002,Rashid Al Hadees Masjid 2,19,0,0,1,1687.0,False,False,False,False
404501,"Dubai World Central, Gate 5",7,0,1,1,9440.0,False,False,False,False
609001,"Umm Suqeim, Library 1",18,0,0,1,2824.0,False,False,False,False
647002,Maharba Masjid 2,19,0,0,1,2355.0,False,False,False,False
610002,"Umm Suqeim, Park 2",19,0,0,1,2590.0,False,False,False,False
609002,"Umm Suqeim, Library 2",19,0,0,1,2723.0,False,False,False,False
252502,Wild Wadi 2,19,0,0,1,2286.0,False,False,False,False
